Workbook

Sheet Industria_solar
A1: % | B1: Periodo | C1: P KW | D1: P KW | E1: PVsolar | F1: Q kVARr | G1: horames | H1: mes | I1: horadia | J1: DIA
A2: DBP=[ | B2: 6 | C2: =D2-E2*Solar!$C$31 -> 13.72 | D2: 13.72 | E2: =Solar!C35 -> 0 | F2: 14.25 | G2: 1 | H2: 1 | I2: 1 | J2: 1 | K2: ; | U2: Pl | V2: Ppv | W2: Pneto
B3: 6 | C3: =D3-E3*Solar!$C$31 -> 14.3 | D3: 14.3 | E3: =Solar!C36 -> 0 | F3: 16.48 | G3: =G2+1 -> 2 | H3: =H2 -> 1 | I3: 2 | J3: 1 | K3: ; | U3: =Industria!T3 -> 31.307452 | V3: =Solar!Q35 -> 0 | W3: =U3-V3 -> 31.307452
B4: 6 | C4: =D4-E4*Solar!$C$31 -> 13.76 | D4: 13.76 | E4: =Solar!C37 -> 0 | F4: 16.03 | G4: =G3+1 -> 3 | H4: =H3 -> 1 | I4: 3 | J4: 1 | K4: ; | U4: =Industria!T4 -> 20.898959 | V4: =Solar!Q36 -> 0 | W4: =U4-V4 -> 20.898959
B5: 6 | C5: =D5-E5*Solar!$C$31 -> 14.47 | D5: 14.47 | E5: =Solar!C38 -> 0 | F5: 17.56 | G5: =G4+1 -> 4 | H5: =H4 -> 1 | I5: 4 | J5: 1 | K5: ; | U5: =Industria!T5 -> 17.653808 | V5: =Solar!Q37 -> 0 | W5: =U5-V5 -> 17.653808
B6: 6 | C6: =D6-E6*Solar!$C$31 -> 13.89 | D6: 13.89 | E6: =Solar!C39 -> 0 | F6: 16.24 | G6: =G5+1 -> 5 | H6: =H5 -> 1 | I6: 5 | J6: 1 | K6: ; | U6: =Industria!T6 -> 17.394959 | V6: =Solar!Q38 -> 0 | W6: =U6-V6 -> 17.394959
B7: 6 | C7: =D7-E7*Solar!$C$31 -> 14.18 | D7: 14.18 | E7: =Solar!C40 -> 0 | F7: 15.98 | G7: =G6+1 -> 6 | H7: =H6 -> 1 | I7: 6 | J7: 1 | K7: ; | U7: =Industria!T7 -> 17.182986 | V7: =Solar!Q39 -> 0 | W7: =U7-V7 -> 17.182986
B8: 6 | C8: =D8-E8*Solar!$C$31 -> 2.206867 | D8: 13.79 | E8: =Solar!C41 -> 0.020357 | F8: 14.98 | G8: =G7+1 -> 7 | H8: =H7 -> 1 | I8: 7 | J8: 1 | K8: ; | U8: =Industria!T8 -> 16.905041 | V8: =Solar!Q40 -> 0 | W8: =U8-V8 -> 16.905041
B9: 6 | C9: =D9-E9*Solar!$C$31 -> -95.032172 | D9: 13.64 | E9: =Solar!C42 -> 0.190988 | F9: 15.62 | G9: =G8+1 -> 8 | H9: =H8 -> 1 | I9: 8 | J9: 1 | K9: ; | U9: =Industria!T9 -> 16.974548 | V9: =Solar!Q41 -> 27.023375 | W9: =U9-V9 -> -10.048827
B10: 6 | C10: =D10-E10*Solar!$C$31 -> -212.45615 | D10: 14.44 | E10: =Solar!C43 -> 0.398763 | F10: 12.95 | G10: =G9+1 -> 9 | H10: =H9 -> 1 | I10: 9 | J10: 1 | K10: ; | U10: =Industria!T10 -> 19.774932 | V10: =Solar!Q42 -> 113.81954 | W10: =U10-V10 -> -94.044604
B11: 6 | C11: =D11-E11*Solar!$C$31 -> -308.59945 | D11: 15.19 | E11: =Solar!C44 -> 0.56905 | F11: 0 | G11: =G10+1 -> 10 | H11: =H10 -> 1 | I11: 10 | J11: 1 | K11: ; | U11: =Industria!T11 -> 204.33975 | V11: =Solar!Q43 -> 211.63552 | W11: =U11-V11 -> -7.2957662
B12: 6 | C12: =D12-E12*Solar!$C$31 -> -372.99433 | D12: 15.59 | E12: =Solar!C45 -> 0.682925 | F12: 0 | G12: =G11+1 -> 11 | H12: =H11 -> 1 | I12: 11 | J12: 1 | K12: ; | U12: =Industria!T12 -> 231.24137 | V12: =Solar!Q44 -> 291.43398 | W12: =U12-V12 -> -60.192606
B13: 6 | C13: =D13-E13*Solar!$C$31 -> -411.16005 | D13: 14.44 | E13: =Solar!C46 -> 0.747979 | F13: 0 | G13: =G12+1 -> 12 | H13: =H12 -> 1 | I13: 12 | J13: 1 | K13: ; | U13: =Industria!T13 -> 223.66726 | V13: =Solar!Q45 -> 344.31717 | W13: =U13-V13 -> -120.64991
B14: 6 | C14: =D14-E14*Solar!$C$31 -> -416.68385 | D14: 15.19 | E14: =Solar!C47 -> 0.759005 | F14: 0 | G14: =G13+1 -> 13 | H14: =H13 -> 1 | I14: 13 | J14: 1 | K14: ; | U14: =Industria!T14 -> 223.47403 | V14: =Solar!Q46 -> 367.1813 | W14: =U14-V14 -> -143.70727
... B16: 6 | C16: =D16-E16*Solar!$C$31 -> -333.32974 | D16: 15.16 | E16: =Solar!C49 -> 0.61246 | F16: 0 | G16: =G15+1 -> 15 | H16: =H15 -> 1 | I16: 15 | J16: 1 | K16: ; | U16: =Industria!T16 -> 206.30877 | V16: =Solar!Q48 -> 323.64715 | W16: =U16-V16 -> -117.33839
B17: 6 | C17: =D17-E17*Solar!$C$31 -> -242.53092 | D17: 15.58 | E17: =Solar!C50 -> 0.453622 | F17: 0 | G17: =G16+1 -> 16 | H17: =H16 -> 1 | I17: 16 | J17: 1 | K17: ; | N17: Eactiva | O17: =SUM(C2:C8761) -> 4135.6146 | P17: kWh | U17: =Industria!T17 -> 224.04178 | V17: =Solar!Q49 -> 269.25379 | W17: =U17-V17 -> -45.212006
B18: 6 | C18: =D18-E18*Solar!$C$31 -> -129.10087 | D18: 15.49 | E18: =Solar!C51 -> 0.254114 | F18: 0 | G18: =G17+1 -> 17 | H18: =H17 -> 1 | I18: 17 | J18: 1 | K18: ; | N18: Ereactiva | O18: =SUM(F2:F8761) -> 456759.84 | P18: kWh | U18: =Industria!T18 -> 221.80392 | V18: =Solar!Q50 -> 191.84485 | W18: =U18-V18 -> 29.959072
B19: 6 | C19: =D19-E19*Solar!$C$31 -> -14.502107 | D19: 14.86 | E19: =Solar!C52 -> 0.051603 | F19: 0 | G19: =G18+1 -> 18 | H19: =H18 -> 1 | I19: 18 | J19: 1 | K19: ; | N19: cosf | O19: =COS(ATAN(O18/O17)) -> 0.009053872 | P19: kWh | U19: =Industria!T19 -> 219.05268 | V19: =Solar!Q51 -> 107.29638 | W19: =U19-V19 -> 111.75631
B20: 6 | C20: =D20-E20*Solar!$C$31 -> 15.16 | D20: 15.16 | E20: =Solar!C53 -> 0 | F20: 0 | G20: =G19+1 -> 19 | H20: =H19 -> 1 | I20: 19 | J20: 1 | K20: ; | N20: maxP | O20: =MAX(C2:C8761) -> 564.3 | P20: kWh | U20: =Industria!T20 -> 149.68 | V20: =Solar!Q52 -> 24.759229 | W20: =U20-V20 -> 124.92077
B21: 6 | C21: =D21-E21*Solar!$C$31 -> 14.9 | D21: 14.9 | E21: =Solar!C54 -> 0 | F21: 0 | G21: =G20+1 -> 20 | H21: =H20 -> 1 | I21: 20 | J21: 1 | K21: ; | N21: FC | O21: =O17/8760/O20 -> 0.0008366155 | R21: P6 | S21: =MAX(C2:C8745) -> 564.3 | U21: =Industria!T21 -> 145.21233 | V21: =Solar!Q53 -> 0 | W21: =U21-V21 -> 145.21233
B22: 6 | C22: =D22-E22*Solar!$C$31 -> 15.54 | D22: 15.54 | E22: =Solar!C55 -> 0 | F22: 0 | G22: =G21+1 -> 21 | H22: =H21 -> 1 | I22: 21 | J22: 1 | K22: ; | U22: =Industria!T22 -> 152.46567 | V22: =Solar!Q54 -> 0 | W22: =U22-V22 -> 152.46567
B23: 6 | C23: =D23-E23*Solar!$C$31 -> 14.87 | D23: 14.87 | E23: =Solar!C56 -> 0 | F23: 0 | G23: =G22+1 -> 22 | H23: =H22 -> 1 | I23: 22 | J23: 1 | K23: ; | U23: =Industria!T23 -> 134.48767 | V23: =Solar!Q55 -> 0 | W23: =U23-V23 -> 134.48767
B24: 6 | C24: =D24-E24*Solar!$C$31 -> 14 | D24: 14 | E24: =Solar!C57 -> 0 | F24: 12.74 | G24: =G23+1 -> 23 | H24: =H23 -> 1 | I24: 23 | J24: 1 | K24: ; | U24: =Industria!T24 -> 41.442603 | V24: =Solar!Q56 -> 0 | W24: =U24-V24 -> 41.442603
B25: 6 | C25: =D25-E25*Solar!$C$31 -> 13.86 | D25: 13.86 | E25: =Solar!C58 -> 0 | F25: 13.79 | G25: =G24+1 -> 24 | H25: =H24 -> 1 | I25: 24 | J25: 1 | K25: ; | U25: =Industria!T25 -> 33.502959 | V25: =Solar!Q57 -> 0 | W25: =U25-V25 -> 33.502959
B26: 6 | C26: =D26-E26*Solar!$C$31 -> 13.68 | D26: 13.68 | E26: =Solar!C59 -> 0 | F26: 14.98 | G26: =G25+1 -> 25 | H26: =H25 -> 1 | I26: =I2 -> 1 | J26: =J2+1 -> 2 | K26: ; | U26: =Industria!T26 -> 31.920795 | V26: =Solar!Q58 -> 0 | W26: =U26-V26 -> 31.920795
B27: 6 | C27: =D27-E27*Solar!$C$31 -> 14.41 | D27: 14.41 | E27: =E2 -> 0 | F27: 17.03 | G27: =G26+1 -> 26 | H27: =H26 -> 1 | I27: =I3 -> 2 | J27: =J3+1 -> 2 | K27: ; | U27: =SUM(U3:U26) -> 2629.1417 | V27: =SUM(V3:V26) -> 2629.1219 | W27: =SUM(W3:W26) -> 0.019797066
B28: 6 | C28: =D28-E28*Solar!$C$31 -> 13.83 | D28: 13.83 | E28: =E3 -> 0 | F28: 15.99 | G28: =G27+1 -> 27 | H28: =H27 -> 1 | I28: =I4 -> 3 | J28: =J4+1 -> 2 | K28: ; | U28: =Industria!$T$28 -> kWh/dia | V28: =Industria!$T$28 -> kWh/dia | W28: =Industria!$T$28 -> kWh/dia | Y28: Exc1 | Z28: =SUM(W9:W17) -> -926.99159
B29: 6 | C29: =D29-E29*Solar!$C$31 -> 14.4 | D29: 14.4 | E29: =E4 -> 0 | F29: 16.73 | G29: =G28+1 -> 28 | H29: =H28 -> 1 | I29: =I5 -> 4 | J29: =J5+1 -> 2 | K29: ; | U29: =U27*365 -> 959636.71 | V29: =V27*365 -> 959629.48 | W29: =W27*365 -> 7.2259292 | Y29: Imp | Z29: =SUM(W3:W8,W18:W26) -> 927.01138
B30: 6 | C30: =D30-E30*Solar!$C$31 -> 13.76 | D30: 13.76 | E30: =E5 -> 0 | F30: 15.01 | G30: =G29+1 -> 29 | H30: =H29 -> 1 | I30: =I6 -> 5 | J30: =J6+1 -> 2 | K30: ; | U30: =Industria!$T$30 -> kWh/año | V30: =Industria!$T$30 -> kWh/año | W30: =Industria!$T$30 -> kWh/año
B31: 6 | C31: =D31-E31*Solar!$C$31 -> 14.04 | D31: 14.04 | E31: =E6 -> 0 | F31: 15.23 | G31: =G30+1 -> 30 | H31: =H30 -> 1 | I31: =I7 -> 6 | J31: =J7+1 -> 2 | K31: ; | U31: share | V31: 0.76071027
B32: 6 | C32: =D32-E32*Solar!$C$31 -> 13.86 | D32: 13.86 | E32: =E7 -> 0 | F32: 14.44 | G32: =G31+1 -> 31 | H32: =H31 -> 1 | I32: =I8 -> 7 | J32: =J8+1 -> 2 | K32: ;
B33: 6 | C33: =D33-E33*Solar!$C$31 -> 11.026867 | D33: 22.61 | E33: =E8 -> 0.020357 | F33: 17.39 | G33: =G32+1 -> 32 | H33: =H32 -> 1 | I33: =I9 -> 8 | J33: =J9+1 -> 2 | K33: ; | U33: C-Rate | V33: 0.2 | W33: 1/h
B34: 2 | C34: =D34-E34*Solar!$C$31 -> 74.797828 | D34: 183.47 | E34: =E9 -> 0.190988 | F34: 95.34 | G34: =G33+1 -> 33 | H34: =H33 -> 1 | I34: =I10 -> 9 | J34: =J10+1 -> 2 | K34: ; | U34: BESS | V34: =V27*$V$31 -> 2000 | W34: kWh | X34: 200 | Y34: USD/kWh | AA34: =1.25*(U29/365-U12*Solar!O30) -> 1950.8345
B35: 1 | C35: =D35-E35*Solar!$C$31 -> -17.856147 | D35: 209.04 | E35: =E10 -> 0.398763 | F35: 22.26 | G35: =G34+1 -> 34 | H35: =H34 -> 1 | I35: =I11 -> 10 | J35: =J11+1 -> 2 | K35: ; | U35: Inversor | V35: =V34*V33 -> 400 | W35: kW | X35: 80 | Y35: USD/kWp
B36: 1 | C36: =D36-E36*Solar!$C$31 -> -57.99945 | D36: 265.79 | E36: =E11 -> 0.56905 | F36: 73.76 | G36: =G35+1 -> 35 | H36: =H35 -> 1 | I36: =I12 -> 11 | J36: =J12+1 -> 2 | K36: ; | U36: Capacitor | X36: 300 | Y36: USD/kvarh
B37: 1 | C37: =D37-E37*Solar!$C$31 -> 98.565675 | D37: 487.15 | E37: =E12 -> 0.682925 | F37: 269.68 | G37: =G36+1 -> 36 | H37: =H36 -> 1 | I37: =I13 -> 12 | J37: =J13+1 -> 2 | K37: ; | U37: n | V37: 20
B38: 1 | C38: =D38-E38*Solar!$C$31 -> -381.65005 | D38: 43.95 | E38: =E13 -> 0.747979 | F38: 5.54 | G38: =G37+1 -> 37 | H38: =H37 -> 1 | I38: =I14 -> 13 | J38: =J14+1 -> 2 | K38: ; | U38: discount rate | V38: 0.05
B39: 1 | C39: =D39-E39*Solar!$C$31 -> -21.293845 | D39: 410.58 | E39: =E14 -> 0.759005 | F39: 167.22 | G39: =G38+1 -> 38 | H39: =H38 -> 1 | I39: =I15 -> 14 | J39: =J15+1 -> 2 | K39: ; | U39: CRF | V39: =(V38*(1+V38)^V37)/((1+V38)^V37-1) -> 0.080242587
B40: 2 | C40: =D40-E40*Solar!$C$31 -> 71.522286 | D40: 478.19 | E40: =E15 -> 0.714706 | F40: 197.25 | G40: =G39+1 -> 39 | H40: =H39 -> 1 | I40: =I16 -> 15 | J40: =J16+1 -> 2 | K40: ;
B41: 2 | C41: =D41-E41*Solar!$C$31 -> 125.69026 | D41: 474.18 | E41: =E16 -> 0.61246 | F41: 210.88 | G41: =G40+1 -> 40 | H41: =H40 -> 1 | I41: =I17 -> 16 | J41: =J17+1 -> 2 | K41: ;
B42: 2 | C42: =D42-E42*Solar!$C$31 -> 198.44908 | D42: 456.56 | E42: =E17 -> 0.453622 | F42: 187.67 | G42: =G41+1 -> 41 | H42: =H41 -> 1 | I42: =I18 -> 17 | J42: =J18+1 -> 2 | K42: ;
B43: 2 | C43: =D43-E43*Solar!$C$31 -> 228.29913 | D43: 372.89 | E43: =E18 -> 0.254114 | F43: 122.22 | G43: =G42+1 -> 42 | H43: =H42 -> 1 | I43: =I19 -> 18 | J43: =J19+1 -> 2 | K43: ;
B44: 1 | C44: =D44-E44*Solar!$C$31 -> 125.10789 | D44: 154.47 | E44: =E19 -> 0.051603 | F44: 45.97 | G44: =G43+1 -> 43 | H44: =H43 -> 1 | I44: =I20 -> 19 | J44: =J20+1 -> 2 | K44: ;
B45: 1 | C45: =D45-E45*Solar!$C$31 -> 154.9 | D45: 154.9 | E45: =E20 -> 0 | F45: 18.93 | G45: =G44+1 -> 44 | H45: =H44 -> 1 | I45: =I21 -> 20 | J45: =J21+1 -> 2 | K45: ;
B46: 1 | C46: =D46-E46*Solar!$C$31 -> 79.24 | D46: 79.24 | E46: =E21 -> 0 | F46: 1.51 | G46: =G45+1 -> 45 | H46: =H45 -> 1 | I46: =I22 -> 21 | J46: =J22+1 -> 2 | K46: ;
B47: 1 | C47: =D47-E47*Solar!$C$31 -> 22.21 | D47: 22.21 | E47: =E22 -> 0 | F47: 0 | G47: =G46+1 -> 46 | H47: =H46 -> 1 | I47: =I23 -> 22 | J47: =J23+1 -> 2 | K47: ;
B48: 2 | C48: =D48-E48*Solar!$C$31 -> 18.93 | D48: 18.93 | E48: =E23 -> 0 | F48: 17.35 | G48: =G47+1 -> 47 | H48: =H47 -> 1 | I48: =I24 -> 23 | J48: =J24+1 -> 2 | K48: ;
B49: 2 | C49: =D49-E49*Solar!$C$31 -> 18.29 | D49: 18.29 | E49: =E24 -> 0 | F49: 17.25 | G49: =G48+1 -> 48 | H49: =H48 -> 1 | I49: =I25 -> 24 | J49: =J25+1 -> 2 | K49: ;
B50: 6 | C50: =D50-E50*Solar!$C$31 -> 18.36 | D50: 18.36 | E50: =E25 -> 0 | F50: 18.26 | G50: =G49+1 -> 49 | H50: =H49 -> 1 | I50: =I26 -> 1 | J50: =J26+1 -> 3 | K50: ;
B51: 6 | C51: =D51-E51*Solar!$C$31 -> 18.46 | D51: 18.46 | E51: =E26 -> 0 | F51: 18.32 | G51: =G50+1 -> 50 | H51: =H50 -> 1 | I51: =I27 -> 2 | J51: =J27+1 -> 3 | K51: ;
... B745: 2 | C745: =D745-E745*Solar!$C$31 -> 333.42 | D745: 333.42 | E745: =E720 -> 0 | F745: 170.35 | G745: =G744+1 -> 744 | H745: =H744 -> 1 | I745: =I721 -> 24 | J745: =J721+1 -> 31 | K745: ;
B746: 6 | C746: =D746-E746*Solar!$C$31 -> 324.72 | D746: 324.72 | E746: =Solar!D35 -> 0 | F746: 169.74 | G746: 1 | H746: =H745+1 -> 2 | I746: =I722 -> 1 | J746: 1 | K746: ;
B747: 6 | C747: =D747-E747*Solar!$C$31 -> 109.86 | D747: 109.86 | E747: =Solar!D36 -> 0 | F747: 70.27 | G747: =G746+1 -> 2 | H747: =H746 -> 2 | I747: =I723 -> 2 | J747: 1 | K747: ;
B748: 6 | C748: =D748-E748*Solar!$C$31 -> 24.98 | D748: 24.98 | E748: =Solar!D37 -> 0 | F748: 22.54 | G748: =G747+1 -> 3 | H748: =H747 -> 2 | I748: =I724 -> 3 | J748: 1 | K748: ;
B749: 6 | C749: =D749-E749*Solar!$C$31 -> 24.91 | D749: 24.91 | E749: =Solar!D38 -> 0 | F749: 21.78 | G749: =G748+1 -> 4 | H749: =H748 -> 2 | I749: =I725 -> 4 | J749: 1 | K749: ;
B750: 6 | C750: =D750-E750*Solar!$C$31 -> 22.11 | D750: 22.11 | E750: =Solar!D39 -> 0 | F750: 21.86 | G750: =G749+1 -> 5 | H750: =H749 -> 2 | I750: =I726 -> 5 | J750: 1 | K750: ;
B751: 6 | C751: =D751-E751*Solar!$C$31 -> 17.78 | D751: 17.78 | E751: =Solar!D40 -> 0 | F751: 17.14 | G751: =G750+1 -> 6 | H751: =H750 -> 2 | I751: =I727 -> 6 | J751: 1 | K751: ;
B752: 6 | C752: =D752-E752*Solar!$C$31 -> 6.021033 | D752: 17.71 | E752: =Solar!D41 -> 0.020543 | F752: 17.43 | G752: =G751+1 -> 7 | H752: =H751 -> 2 | I752: =I728 -> 7 | J752: 1 | K752: ;
B753: 6 | C753: =D753-E753*Solar!$C$31 -> -77.53738 | D753: 27.17 | E753: =Solar!D42 -> 0.18402 | F753: 20.46 | G753: =G752+1 -> 8 | H753: =H752 -> 2 | I753: =I729 -> 8 | J753: 1 | K753: ;
B754: 6 | C754: =D754-E754*Solar!$C$31 -> 220.15882 | D754: 442.26 | E754: =Solar!D43 -> 0.390336 | F754: 243.66 | G754: =G753+1 -> 9 | H754: =H753 -> 2 | I754: =I730 -> 9 | J754: 1 | K754: ;
B755: 6 | C755: =D755-E755*Solar!$C$31 -> 63.996137 | D755: 386.35 | E755: =Solar!D44 -> 0.566527 | F755: 145.44 | G755: =G754+1 -> 10 | H755: =H754 -> 2 | I755: =I731 -> 10 | J755: 1 | K755: ;
B756: 6 | C756: =D756-E756*Solar!$C$31 -> 80.30255 | D756: 473.51 | E756: =Solar!D45 -> 0.69105 | F756: 203.94 | G756: =G755+1 -> 11 | H756: =H755 -> 2 | I756: =I732 -> 11 | J756: 1 | K756: ;
B757: 6 | C757: =D757-E757*Solar!$C$31 -> 1.330495 | D757: 435.56 | E757: =Solar!D46 -> 0.763145 | F757: 242.24 | G757: =G756+1 -> 12 | H757: =H756 -> 2 | I757: =I733 -> 12 | J757: 1 | K757: ;
B758: 6 | C758: =D758-E758*Solar!$C$31 -> -379.30539 | D758: 62.65 | E758: =Solar!D47 -> 0.776723 | F758: 11.23 | G758: =G757+1 -> 13 | H758: =H757 -> 2 | I758: =I734 -> 13 | J758: 1 | K758: ;
... B769: 6 | C769: =D769-E769*Solar!$C$31 -> 342 | D769: 342 | E769: =Solar!D58 -> 0 | F769: 185.39 | G769: =G768+1 -> 24 | H769: =H768 -> 2 | I769: =I745 -> 24 | J769: 1 | K769: ;
B770: 6 | C770: =D770-E770*Solar!$C$31 -> 341.28 | D770: 341.28 | E770: =E746 -> 0 | F770: 186.98 | G770: =G769+1 -> 25 | H770: =H769 -> 2 | I770: =I746 -> 1 | J770: =J746+1 -> 2 | K770: ;
B771: 6 | C771: =D771-E771*Solar!$C$31 -> 39.42 | D771: 39.42 | E771: =E747 -> 0 | F771: 27.03 | G771: =G770+1 -> 26 | H771: =H770 -> 2 | I771: =I747 -> 2 | J771: =J747+1 -> 2 | K771: ;
B772: 6 | C772: =D772-E772*Solar!$C$31 -> 25.45 | D772: 25.45 | E772: =E748 -> 0 | F772: 20.34 | G772: =G771+1 -> 27 | H772: =H771 -> 2 | I772: =I748 -> 3 | J772: =J748+1 -> 2 | K772: ;
B773: 6 | C773: =D773-E773*Solar!$C$31 -> 25.45 | D773: 25.45 | E773: =E749 -> 0 | F773: 21.6 | G773: =G772+1 -> 28 | H773: =H772 -> 2 | I773: =I749 -> 4 | J773: =J749+1 -> 2 | K773: ;
B774: 6 | C774: =D774-E774*Solar!$C$31 -> 25.53 | D774: 25.53 | E774: =E750 -> 0 | F774: 21.99 | G774: =G773+1 -> 29 | H774: =H773 -> 2 | I774: =I750 -> 5 | J774: =J750+1 -> 2 | K774: ;
B775: 6 | C775: =D775-E775*Solar!$C$31 -> 23.11 | D775: 23.11 | E775: =E751 -> 0 | F775: 20.23 | G775: =G774+1 -> 30 | H775: =H774 -> 2 | I775: =I751 -> 6 | J775: =J751+1 -> 2 | K775: ;
B776: 6 | C776: =D776-E776*Solar!$C$31 -> 5.441033 | D776: 17.13 | E776: =E752 -> 0.020543 | F776: 17.99 | G776: =G775+1 -> 31 | H776: =H775 -> 2 | I776: =I752 -> 7 | J776: =J752+1 -> 2 | K776: ;
B777: 6 | C777: =D777-E777*Solar!$C$31 -> -78.59738 | D777: 26.11 | E777: =E753 -> 0.18402 | F777: 18.4 | G777: =G776+1 -> 32 | H777: =H776 -> 2 | I777: =I753 -> 8 | J777: =J753+1 -> 2 | K777: ;
B778: 6 | C778: =D778-E778*Solar!$C$31 -> -18.771184 | D778: 203.33 | E778: =E754 -> 0.390336 | F778: 108.07 | G778: =G777+1 -> 33 | H778: =H777 -> 2 | I778: =I754 -> 9 | J778: =J754+1 -> 2 | K778: ;
B779: 6 | C779: =D779-E779*Solar!$C$31 -> -79.003863 | D779: 243.35 | E779: =E755 -> 0.566527 | F779: 65.1 | G779: =G778+1 -> 34 | H779: =H778 -> 2 | I779: =I755 -> 10 | J779: =J755+1 -> 2 | K779: ;
B780: 6 | C780: =D780-E780*Solar!$C$31 -> -118.95745 | D780: 274.25 | E780: =E756 -> 0.69105 | F780: 90.48 | G780: =G779+1 -> 35 | H780: =H779 -> 2 | I780: =I756 -> 11 | J780: =J756+1 -> 2 | K780: ;
B781: 6 | C781: =D781-E781*Solar!$C$31 -> -161.8995 | D781: 272.33 | E781: =E757 -> 0.763145 | F781: 137.55 | G781: =G780+1 -> 36 | H781: =H780 -> 2 | I781: =I757 -> 12 | J781: =J757+1 -> 2 | K781: ;
... B1417: 2 | C1417: =D1417-E1417*Solar!$C$31 -> 21.2 | D1417: 21.2 | E1417: =E1393 -> 0 | F1417: 22.75 | G1417: =G1416+1 -> 672 | H1417: =H1416 -> 2 | I1417: =I1393 -> 24 | J1417: =J1393+1 -> 28 | K1417: ;
B1418: 6 | C1418: =D1418-E1418*Solar!$C$31 -> 18.9 | D1418: 18.9 | E1418: =Solar!E35 -> 0 | F1418: 22.21 | G1418: 1 | H1418: 3 | I1418: =I1394 -> 1 | J1418: 1 | K1418: ;
B1419: 6 | C1419: =D1419-E1419*Solar!$C$31 -> 14.65 | D1419: 14.65 | E1419: =Solar!E36 -> 0 | F1419: 18.18 | G1419: =G1418+1 -> 2 | H1419: =H1418 -> 3 | I1419: =I1395 -> 2 | J1419: 1 | K1419: ;
B1420: 6 | C1420: =D1420-E1420*Solar!$C$31 -> 14.8 | D1420: 14.8 | E1420: =Solar!E37 -> 0 | F1420: 18.8 | G1420: =G1419+1 -> 3 | H1420: =H1419 -> 3 | I1420: =I1396 -> 3 | J1420: 1 | K1420: ;
B1421: 6 | C1421: =D1421-E1421*Solar!$C$31 -> 16.56 | D1421: 16.56 | E1421: =Solar!E38 -> 0 | F1421: 23.04 | G1421: =G1420+1 -> 4 | H1421: =H1420 -> 3 | I1421: =I1397 -> 4 | J1421: 1 | K1421: ;
B1422: 6 | C1422: =D1422-E1422*Solar!$C$31 -> 14.9 | D1422: 14.9 | E1422: =Solar!E39 -> 0 | F1422: 19.11 | G1422: =G1421+1 -> 5 | H1422: =H1421 -> 3 | I1422: =I1398 -> 5 | J1422: 1 | K1422: ;
B1423: 6 | C1423: =D1423-E1423*Solar!$C$31 -> 15.65 | D1423: 15.65 | E1423: =Solar!E40 -> 0 | F1423: 20.52 | G1423: =G1422+1 -> 6 | H1423: =H1422 -> 3 | I1423: =I1399 -> 6 | J1423: 1 | K1423: ;
B1424: 6 | C1424: =D1424-E1424*Solar!$C$31 -> -2.393958 | D1424: 15.69 | E1424: =Solar!E41 -> 0.031782 | F1424: 21.59 | G1424: =G1423+1 -> 7 | H1424: =H1423 -> 3 | I1424: =I1400 -> 7 | J1424: 1 | K1424: ;
B1425: 6 | C1425: =D1425-E1425*Solar!$C$31 -> -90.603721 | D1425: 17.17 | E1425: =Solar!E42 -> 0.189409 | F1425: 20.66 | G1425: =G1424+1 -> 8 | H1425: =H1424 -> 3 | I1425: =I1401 -> 8 | J1425: 1 | K1425: ;
B1426: 6 | C1426: =D1426-E1426*Solar!$C$31 -> -92.903398 | D1426: 120.78 | E1426: =Solar!E43 -> 0.375542 | F1426: 74.85 | G1426: =G1425+1 -> 9 | H1426: =H1425 -> 3 | I1426: =I1402 -> 9 | J1426: 1 | K1426: ;
B1427: 6 | C1427: =D1427-E1427*Solar!$C$31 -> -161.25704 | D1427: 146.63 | E1427: =Solar!E44 -> 0.541102 | F1427: 13.64 | G1427: =G1426+1 -> 10 | H1427: =H1426 -> 3 | I1427: =I1403 -> 10 | J1427: 1 | K1427: ;
B1428: 6 | C1428: =D1428-E1428*Solar!$C$31 -> -64.856725 | D1428: 312.12 | E1428: =Solar!E45 -> 0.662525 | F1428: 73.36 | G1428: =G1427+1 -> 11 | H1428: =H1427 -> 3 | I1428: =I1404 -> 11 | J1428: 1 | K1428: ;
B1429: 6 | C1429: =D1429-E1429*Solar!$C$31 -> -220.41462 | D1429: 196.35 | E1429: =Solar!E46 -> 0.732451 | F1429: 100.29 | G1429: =G1428+1 -> 12 | H1429: =H1428 -> 3 | I1429: =I1405 -> 12 | J1429: 1 | K1429: ;
B1430: 6 | C1430: =D1430-E1430*Solar!$C$31 -> -337.00271 | D1430: 89.18 | E1430: =Solar!E47 -> 0.749003 | F1430: 1.69 | G1430: =G1429+1 -> 13 | H1430: =H1429 -> 3 | I1430: =I1406 -> 13 | J1430: 1 | K1430: ;
... B1441: 6 | C1441: =D1441-E1441*Solar!$C$31 -> 13.43 | D1441: 13.43 | E1441: =Solar!E58 -> 0 | F1441: 10.26 | G1441: =G1440+1 -> 24 | H1441: =H1440 -> 3 | I1441: =I1417 -> 24 | J1441: 1 | K1441: ;
B1442: 6 | C1442: =D1442-E1442*Solar!$C$31 -> 13.04 | D1442: 13.04 | E1442: =E1418 -> 0 | F1442: 10.29 | G1442: =G1441+1 -> 25 | H1442: =H1441 -> 3 | I1442: =I1418 -> 1 | J1442: =J1418+1 -> 2 | K1442: ;
B1443: 6 | C1443: =D1443-E1443*Solar!$C$31 -> 14.79 | D1443: 14.79 | E1443: =E1419 -> 0 | F1443: 12.82 | G1443: =G1442+1 -> 26 | H1443: =H1442 -> 3 | I1443: =I1419 -> 2 | J1443: =J1419+1 -> 2 | K1443: ;
B1444: 6 | C1444: =D1444-E1444*Solar!$C$31 -> 13.93 | D1444: 13.93 | E1444: =E1420 -> 0 | F1444: 12.49 | G1444: =G1443+1 -> 27 | H1444: =H1443 -> 3 | I1444: =I1420 -> 3 | J1444: =J1420+1 -> 2 | K1444: ;
B1445: 6 | C1445: =D1445-E1445*Solar!$C$31 -> 13.22 | D1445: 13.22 | E1445: =E1421 -> 0 | F1445: 11.2 | G1445: =G1444+1 -> 28 | H1445: =H1444 -> 3 | I1445: =I1421 -> 4 | J1445: =J1421+1 -> 2 | K1445: ;
B1446: 6 | C1446: =D1446-E1446*Solar!$C$31 -> 14.21 | D1446: 14.21 | E1446: =E1422 -> 0 | F1446: 12.96 | G1446: =G1445+1 -> 29 | H1446: =H1445 -> 3 | I1446: =I1422 -> 5 | J1446: =J1422+1 -> 2 | K1446: ;
B1447: 6 | C1447: =D1447-E1447*Solar!$C$31 -> 12.96 | D1447: 12.96 | E1447: =E1423 -> 0 | F1447: 10.08 | G1447: =G1446+1 -> 30 | H1447: =H1446 -> 3 | I1447: =I1423 -> 6 | J1447: =J1423+1 -> 2 | K1447: ;
B1448: 6 | C1448: =D1448-E1448*Solar!$C$31 -> -3.573958 | D1448: 14.51 | E1448: =E1424 -> 0.031782 | F1448: 13.14 | G1448: =G1447+1 -> 31 | H1448: =H1447 -> 3 | I1448: =I1424 -> 7 | J1448: =J1424+1 -> 2 | K1448: ;
B1449: 6 | C1449: =D1449-E1449*Solar!$C$31 -> -85.023721 | D1449: 22.75 | E1449: =E1425 -> 0.189409 | F1449: 17.5 | G1449: =G1448+1 -> 32 | H1449: =H1448 -> 3 | I1449: =I1425 -> 8 | J1449: =J1425+1 -> 2 | K1449: ;
...

Sheet Solar
C1: Radiación Solar Barranquilla Colombia (W/m2) | Z1: Solar=[ | AA1: 0
B2: Hora | C2: Enero | D2: Febrero | E2: Marzo | F2: Abril | G2: Mayo | H2: Junio | I2: Julio | J2: Agosto | K2: Septiembre | L2: Octubre | M2: Noviembre | N2: Diciembre | O2: Anual | AA2: 0
B3: 0-1 | C3: 0 | D3: 0 | E3: 0 | F3: 0 | G3: 0 | H3: 0 | I3: 0 | J3: 0 | K3: 0 | L3: 0 | M3: 0 | N3: 0 | O3: =SUM(C3:N3)/12 -> 0 | AA3: 0
B4: 1-2 | C4: 0 | D4: 0 | E4: 0 | F4: 0 | G4: 0 | H4: 0 | I4: 0 | J4: 0 | K4: 0 | L4: 0 | M4: 0 | N4: 0 | O4: =SUM(C4:N4)/12 -> 0 | AA4: 0
B5: 2-3 | C5: 0 | D5: 0 | E5: 0 | F5: 0 | G5: 0 | H5: 0 | I5: 0 | J5: 0 | K5: 0 | L5: 0 | M5: 0 | N5: 0 | O5: =SUM(C5:N5)/12 -> 0 | AA5: 0
B6: 3-4 | C6: 0 | D6: 0 | E6: 0 | F6: 0 | G6: 0 | H6: 0 | I6: 0 | J6: 0 | K6: 0 | L6: 0 | M6: 0 | N6: 0 | O6: =SUM(C6:N6)/12 -> 0 | AA6: 0
B7: 4-5 | C7: 0 | D7: 0 | E7: 0 | F7: 0 | G7: 0 | H7: 0 | I7: 0 | J7: 0 | K7: 0 | L7: 0 | M7: 0 | N7: 0 | O7: =SUM(C7:N7)/12 -> 0 | AA7: 0.01868549
B8: 5-6 | C8: 0 | D8: 0 | E8: 0 | F8: 0 | G8: 0 | H8: 0 | I8: 0 | J8: 0 | K8: 0 | L8: 0 | M8: 0 | N8: 0 | O8: =SUM(C8:N8)/12 -> 0 | AA8: 0.20628495
B9: 6-7 | C9: 20.357 | D9: 20.543 | E9: 31.782 | F9: 55.481 | G9: 64.172 | H9: 58.89 | I9: 50.474 | J9: 48.843 | K9: 58.322 | L9: 66.269 | M9: 58.896 | N9: 35.884 | O9: =SUM(C9:N9)/12 -> 47.49275 | AA9: 0.38181646
B10: 7-8 | C10: 190.988 | D10: 184.02 | E10: 189.409 | F10: 206.054 | G10: 200.488 | H10: 186.504 | I10: 179.666 | J10: 187.467 | K10: 209.229 | L10: 221.332 | M10: 228.172 | N10: 217.083 | O10: =SUM(C10:N10)/12 -> 200.03433 | AA10: 0.64670496
B11: 8-9 | C11: 398.763 | D11: 390.336 | E11: 375.542 | F11: 373.465 | G11: 351.892 | H11: 333.701 | I11: 334.888 | J11: 349.864 | K11: 375.701 | L11: 380.665 | M11: 391.954 | N11: 406.544 | O11: =SUM(C11:N11)/12 -> 371.94292 | AA11: 0.60207818
B12: 9-10 | C12: 569.05 | D12: 566.527 | E12: 541.102 | F12: 512.12 | G12: 473.209 | H12: 455.262 | I12: 461.369 | J12: 481.927 | K12: 508.508 | L12: 507.907 | M12: 513.563 | N12: 555.691 | O12: =SUM(C12:N12)/12 -> 512.18625 | AA12: 0.81653296
B13: 10-11 | C13: 682.925 | D13: 691.05 | E13: 662.525 | F13: 616.135 | G13: 549.467 | H13: 529.646 | I13: 545.598 | J13: 571.244 | K13: 593.876 | L13: 580.992 | M13: 583.576 | N13: 654.488 | O13: =SUM(C13:N13)/12 -> 605.12683 | AA13: 0.79500341
B14: 11-12 | C14: 747.979 | D14: 763.145 | E14: 732.451 | F14: 659.94 | G14: 592.453 | H14: 572.882 | I14: 595.067 | J14: 600.116 | K14: 611.408 | L14: 583.116 | M14: 589.782 | N14: 695.379 | O14: =SUM(C14:N14)/12 -> 645.30983 | AA14: 0.72534318
... B26: 23-0 | C26: 0 | D26: 0 | E26: 0 | F26: 0 | G26: 0 | H26: 0 | I26: 0 | J26: 0 | K26: 0 | L26: 0 | M26: 0 | N26: 0 | O26: =SUM(C26:N26)/12 -> 0 | AA26: 0
AA27: 0
C28: Enero | D28: Febrero | E28: Marzo | F28: Abril | G28: Mayo | H28: Junio | I28: Julio | J28: Agosto | K28: Septiembre | L28: Octubre | M28: Noviembre | N28: Diciembre | O28: Anual | Q28: Radiación Maxima | T28: 1000 | U28: W/m2 | AA28: 0
B29: Wh/dia | C29: =SUM(C3:C26) -> 5455.572 | D29: =SUM(D3:D26) -> 5611.915 | E29: =SUM(E3:E26) -> 5318.778 | F29: =SUM(F3:F26) -> 4793.967 | G29: =SUM(G3:G26) -> 4121.627 | H29: =SUM(H3:H26) -> 4052.017 | I29: =SUM(I3:I26) -> 4270.764 | J29: =SUM(J3:J26) -> 4288.104 | ... O29: =SUM(O3:O26) -> 4620.6008 | Q29: Potencia Panel Monocristalino | T29: 0.55 | U29: kW | AA29: 0
B30: HPS horas | C30: =C29/1000 -> 5.455572 | D30: =D29/1000 -> 5.611915 | E30: =E29/1000 -> 5.318778 | F30: =F29/1000 -> 4.793967 | G30: =G29/1000 -> 4.121627 | H30: =H29/1000 -> 4.052017 | I30: =I29/1000 -> 4.270764 | J30: =J29/1000 -> 4.288104 | ... O30: =O29/1000 -> 4.6206008 | Q30: numero de paneles | T30: =C31/T29 -> 1034.5455 | AA30: 0
B31: Pot PV kW | C31: 569 | D31: 700 | E31: USD/kWp | AA31: 0.01972418
B32: Area m2 | C32: =2.278*1.134*ROUND(C31,1) -> 1469.8704 | AA32: 0.16014262
AA33: 0.42023741
B34: Hora | C34: Enero | D34: Febrero | E34: Marzo | F34: Abril | G34: Mayo | H34: Junio | I34: Julio | J34: Agosto | K34: Septiembre | L34: Octubre | M34: Noviembre | N34: Diciembre | P34: Equiv | Q34: Energía kWh/dia | AA34: 0.63114733
B35: 0-1 | C35: =C3/$T$28 -> 0 | D35: =D3/$T$28 -> 0 | E35: =E3/$T$28 -> 0 | F35: =F3/$T$28 -> 0 | G35: =G3/$T$28 -> 0 | H35: =H3/$T$28 -> 0 | I35: =I3/$T$28 -> 0 | J35: =J3/$T$28 -> 0 | ... N35: =N3/$T$28 -> 0 | P35: =AVERAGE(C35:N35) -> 0 | Q35: =P35*$C$31 -> 0 | AA35: 0.64098589
B36: 1-2 | C36: =C4/$T$28 -> 0 | D36: =D4/$T$28 -> 0 | E36: =E4/$T$28 -> 0 | F36: =F4/$T$28 -> 0 | G36: =G4/$T$28 -> 0 | H36: =H4/$T$28 -> 0 | I36: =I4/$T$28 -> 0 | J36: =J4/$T$28 -> 0 | ... N36: =N4/$T$28 -> 0 | P36: =AVERAGE(C36:N36) -> 0 | Q36: =P36*$C$31 -> 0 | AA36: 0.61823829
B37: 2-3 | C37: =C5/$T$28 -> 0 | D37: =D5/$T$28 -> 0 | E37: =E5/$T$28 -> 0 | F37: =F5/$T$28 -> 0 | G37: =G5/$T$28 -> 0 | H37: =H5/$T$28 -> 0 | I37: =I5/$T$28 -> 0 | J37: =J5/$T$28 -> 0 | ... N37: =N5/$T$28 -> 0 | P37: =AVERAGE(C37:N37) -> 0 | Q37: =P37*$C$31 -> 0 | AA37: 0.82144184
B38: 3-4 | C38: =C6/$T$28 -> 0 | D38: =D6/$T$28 -> 0 | E38: =E6/$T$28 -> 0 | F38: =F6/$T$28 -> 0 | G38: =G6/$T$28 -> 0 | H38: =H6/$T$28 -> 0 | I38: =I6/$T$28 -> 0 | J38: =J6/$T$28 -> 0 | ... N38: =N6/$T$28 -> 0 | P38: =AVERAGE(C38:N38) -> 0 | Q38: =P38*$C$31 -> 0 | AA38: 0.71681402
B39: 4-5 | C39: =C7/$T$28 -> 0 | D39: =D7/$T$28 -> 0 | E39: =E7/$T$28 -> 0 | F39: =F7/$T$28 -> 0 | G39: =G7/$T$28 -> 0 | H39: =H7/$T$28 -> 0 | I39: =I7/$T$28 -> 0 | J39: =J7/$T$28 -> 0 | ... N39: =N7/$T$28 -> 0 | P39: =AVERAGE(C39:N39) -> 0 | Q39: =P39*$C$31 -> 0 | AA39: 0.73501345
B40: 5-6 | C40: =C8/$T$28 -> 0 | D40: =D8/$T$28 -> 0 | E40: =E8/$T$28 -> 0 | F40: =F8/$T$28 -> 0 | G40: =G8/$T$28 -> 0 | H40: =H8/$T$28 -> 0 | I40: =I8/$T$28 -> 0 | J40: =J8/$T$28 -> 0 | ... N40: =N8/$T$28 -> 0 | P40: =AVERAGE(C40:N40) -> 0 | Q40: =P40*$C$31 -> 0 | AA40: 0.37952172
B41: 6-7 | C41: =C9/$T$28 -> 0.020357 | D41: =D9/$T$28 -> 0.020543 | E41: =E9/$T$28 -> 0.031782 | F41: =F9/$T$28 -> 0.055481 | G41: =G9/$T$28 -> 0.064172 | H41: =H9/$T$28 -> 0.05889 | I41: =I9/$T$28 -> 0.050474 | J41: =J9/$T$28 -> 0.048843 | ... N41: =N9/$T$28 -> 0.035884 | P41: =AVERAGE(C41:N41) -> 0.04749275 | Q41: =P41*$C$31 -> 27.023375 | AA41: 0.21848483
B42: 7-8 | C42: =C10/$T$28 -> 0.190988 | D42: =D10/$T$28 -> 0.18402 | E42: =E10/$T$28 -> 0.189409 | F42: =F10/$T$28 -> 0.206054 | G42: =G10/$T$28 -> 0.200488 | H42: =H10/$T$28 -> 0.186504 | I42: =I10/$T$28 -> 0.179666 | J42: =J10/$T$28 -> 0.187467 | ... N42: =N10/$T$28 -> 0.217083 | P42: =AVERAGE(C42:N42) -> 0.20003433 | Q42: =P42*$C$31 -> 113.81954 | AA42: 0.04411807
B43: 8-9 | C43: =C11/$T$28 -> 0.398763 | D43: =D11/$T$28 -> 0.390336 | E43: =E11/$T$28 -> 0.375542 | F43: =F11/$T$28 -> 0.373465 | G43: =G11/$T$28 -> 0.351892 | H43: =H11/$T$28 -> 0.333701 | I43: =I11/$T$28 -> 0.334888 | J43: =J11/$T$28 -> 0.349864 | ... N43: =N11/$T$28 -> 0.406544 | P43: =AVERAGE(C43:N43) -> 0.37194292 | Q43: =P43*$C$31 -> 211.63552 | AA43: 0
B44: 9-10 | C44: =C12/$T$28 -> 0.56905 | D44: =D12/$T$28 -> 0.566527 | E44: =E12/$T$28 -> 0.541102 | F44: =F12/$T$28 -> 0.51212 | G44: =G12/$T$28 -> 0.473209 | H44: =H12/$T$28 -> 0.455262 | I44: =I12/$T$28 -> 0.461369 | J44: =J12/$T$28 -> 0.481927 | ... N44: =N12/$T$28 -> 0.555691 | P44: =AVERAGE(C44:N44) -> 0.51218625 | Q44: =P44*$C$31 -> 291.43398 | AA44: 0
B45: 10-11 | C45: =C13/$T$28 -> 0.682925 | D45: =D13/$T$28 -> 0.69105 | E45: =E13/$T$28 -> 0.662525 | F45: =F13/$T$28 -> 0.616135 | G45: =G13/$T$28 -> 0.549467 | H45: =H13/$T$28 -> 0.529646 | I45: =I13/$T$28 -> 0.545598 | J45: =J13/$T$28 -> 0.571244 | ... N45: =N13/$T$28 -> 0.654488 | P45: =AVERAGE(C45:N45) -> 0.60512683 | Q45: =P45*$C$31 -> 344.31717 | AA45: 0
B46: 11-12 | C46: =C14/$T$28 -> 0.747979 | D46: =D14/$T$28 -> 0.763145 | E46: =E14/$T$28 -> 0.732451 | F46: =F14/$T$28 -> 0.65994 | G46: =G14/$T$28 -> 0.592453 | H46: =H14/$T$28 -> 0.572882 | I46: =I14/$T$28 -> 0.595067 | J46: =J14/$T$28 -> 0.600116 | ... N46: =N14/$T$28 -> 0.695379 | P46: =AVERAGE(C46:N46) -> 0.64530983 | Q46: =P46*$C$31 -> 367.1813 | AA46: 0
... B58: 23-0 | C58: =C26/$T$28 -> 0 | D58: =D26/$T$28 -> 0 | E58: =E26/$T$28 -> 0 | F58: =F26/$T$28 -> 0 | G58: =G26/$T$28 -> 0 | H58: =H26/$T$28 -> 0 | I58: =I26/$T$28 -> 0 | J58: =J26/$T$28 -> 0 | ... N58: =N26/$T$28 -> 0 | P58: =AVERAGE(C58:N58) -> 0 | Q58: =P58*$C$31 -> 0 | AA58: 0.62443246
P59: =AVERAGE(P35:P58) -> 0.19252503 | Q59: =P59*$C$31 -> 109.54674 | AA59: 0.62869028
O60: Energia kWh/dia | Q60: =SUM(Q35:Q59) -> 2738.6686 | R60: kWh | S60: =Q60*365 -> 999614.05 | AA60: 0.74361764
O61: Enrgia = Ppv*HPS = | Q61: =C31*AVERAGE(C30:N30) -> 2629.1219 | R61: kWh | AA61: 0.67877602
P62: HPS= | Q62: =AVERAGE(C30:N30) -> 4.6206008 | AA62: 0.63911123
Q63: =SUM(C3:N26)/1000/12 -> 4.6206008 | AA63: 0.63487901
AA64: 0.49957436
AA65: 0.23151808
AA66: 0.05108362
AA67: 0
AA68: 0
AA69: 0
AA70: 0
AA71: 0
AA72: 0
AA73: 0
AA74: 0
AA75: 0
... AA8759: 0
AA8760: 0 | AB8760: ];

Sheet Industria
A1: % | B1: Periodo | C1: P KW | D1: Q kVARr | E1: horames | F1: mes | G1: horadia | H1: DIA | T1: P | V1: ©
A2: DBP=[ | B2: 6 | C2: 13.72 | D2: 14.25 | E2: 1 | F2: 1 | G2: 1 | H2: 1 | I2: ; | T2: kWh | U2: Fc | V2: kVArh
B3: 6 | C3: 14.3 | D3: 16.48 | E3: =E2+1 -> 2 | F3: =F2 -> 1 | G3: 2 | H3: 1 | I3: ; | S3: 0 | T3: =$Q$17*U3 -> 31.307452 | U3: 0.13538863 | V3: 27.875151
B4: 6 | C4: 13.76 | D4: 16.03 | E4: =E3+1 -> 3 | F4: =F3 -> 1 | G4: 3 | H4: 1 | I4: ; | S4: 1 | T4: =$Q$17*U4 -> 20.898959 | U4: 0.090377249 | V4: 22.371534
B5: 6 | C5: 14.47 | D5: 17.56 | E5: =E4+1 -> 4 | F5: =F4 -> 1 | G5: 4 | H5: 1 | I5: ; | S5: 2 | T5: =$Q$17*U5 -> 17.653808 | U5: 0.076343641 | V5: 20.669616
B6: 6 | C6: 13.89 | D6: 16.24 | E6: =E5+1 -> 5 | F6: =F5 -> 1 | G6: 5 | H6: 1 | I6: ; | S6: 3 | T6: =$Q$17*U6 -> 17.394959 | U6: 0.075224251 | V6: 20.802712
B7: 6 | C7: 14.18 | D7: 15.98 | E7: =E6+1 -> 6 | F7: =F6 -> 1 | G7: 6 | H7: 1 | I7: ; | S7: 4 | T7: =$Q$17*U7 -> 17.182986 | U7: 0.074307579 | V7: 20.762822
B8: 6 | C8: 13.79 | D8: 14.98 | E8: =E7+1 -> 7 | F8: =F7 -> 1 | G8: 7 | H8: 1 | I8: ; | S8: 5 | T8: =$Q$17*U8 -> 16.905041 | U8: 0.073105609 | V8: 20.711205
B9: 6 | C9: 13.64 | D9: 15.62 | E9: =E8+1 -> 8 | F9: =F8 -> 1 | G9: 8 | H9: 1 | I9: ; | S9: 6 | T9: =$Q$17*U9 -> 16.974548 | U9: 0.07340619 | V9: 20.580986
B10: 6 | C10: 14.44 | D10: 12.95 | E10: =E9+1 -> 9 | F10: =F9 -> 1 | G10: 9 | H10: 1 | I10: ; | S10: 7 | T10: =$Q$17*U10 -> 19.774932 | U10: 0.085516409 | V10: 21.413726
B11: 6 | C11: 15.19 | D11: 0 | E11: =E10+1 -> 10 | F11: =F10 -> 1 | G11: 10 | H11: 1 | I11: ; | S11: 8 | T11: =$Q$17*U11 -> 204.33975 | U11: 0.88366434 | V11: 141.48904
B12: 6 | C12: 15.59 | D12: 0 | E12: =E11+1 -> 11 | F12: =F11 -> 1 | G12: 11 | H12: 1 | I12: ; | S12: 9 | T12: =$Q$17*U12 -> 231.24137 | U12: 1 | V12: 95.876274
B13: 6 | C13: 14.44 | D13: 0 | E13: =E12+1 -> 12 | F13: =F12 -> 1 | G13: 12 | H13: 1 | I13: ; | S13: 10 | T13: =$Q$17*U13 -> 223.66726 | U13: 0.96724587 | V13: 91.472521
B14: 6 | C14: 15.19 | D14: 0 | E14: =E13+1 -> 13 | F14: =F13 -> 1 | G14: 13 | H14: 1 | I14: ; | S14: 11 | T14: =$Q$17*U14 -> 223.47403 | U14: 0.96641024 | V14: 126.74858
... B16: 6 | C16: 15.16 | D16: 0 | E16: =E15+1 -> 15 | F16: =F15 -> 1 | G16: 15 | H16: 1 | I16: ; | S16: 13 | T16: =$Q$17*U16 -> 206.30877 | U16: 0.89217932 | V16: 84.879041
B17: 6 | C17: 15.58 | D17: 0 | E17: =E16+1 -> 16 | F17: =F16 -> 1 | G17: 16 | H17: 1 | I17: ; | L17: Eactiva | M17: =SUM(C2:C8761) -> 959636.71 | N17: kWh | P17: PLMAX | Q17: 231.24137 | R17: KW | S17: 14 | T17: =$Q$17*U17 -> 224.04178 | U17: 0.96886548 | V17: 91.807945
B18: 6 | C18: 15.49 | D18: 0 | E18: =E17+1 -> 17 | F18: =F17 -> 1 | G18: 17 | H18: 1 | I18: ; | L18: Ereactiva | M18: =SUM(D2:D8761) -> 456759.84 | N18: kWh | S18: 15 | T18: =$Q$17*U18 -> 221.80392 | U18: 0.95918787 | V18: 91.090274
B19: 6 | C19: 14.86 | D19: 0 | E19: =E18+1 -> 18 | F19: =F18 -> 1 | G19: 18 | H19: 1 | I19: ; | L19: cosf | M19: =COS(ATAN(M18/M17)) -> 0.90293721 | N19: kWh | S19: 16 | T19: =$Q$17*U19 -> 219.05268 | U19: 0.94729021 | V19: 89.880685
B20: 6 | C20: 15.16 | D20: 0 | E20: =E19+1 -> 19 | F20: =F19 -> 1 | G20: 19 | H20: 1 | I20: ; | L20: maxP | M20: =MAX(C2:C8761) -> 564.3 | N20: kWh | S20: 17 | T20: =$Q$17*U20 -> 149.68 | U20: 0.64728902 | V20: 43.575068
B21: 6 | C21: 14.9 | D21: 0 | E21: =E20+1 -> 20 | F21: =F20 -> 1 | G21: 20 | H21: 1 | I21: ; | L21: FC | M21: =M17/8760/M20 -> 0.19413002 | S21: 18 | T21: =$Q$17*U21 -> 145.21233 | U21: 0.62796864 | V21: 64.533123
B22: 6 | C22: 15.54 | D22: 0 | E22: =E21+1 -> 21 | F22: =F21 -> 1 | G22: 21 | H22: 1 | I22: ; | S22: 19 | T22: =$Q$17*U22 -> 152.46567 | U22: 0.65933562 | V22: 54.343753
B23: 6 | C23: 14.87 | D23: 0 | E23: =E22+1 -> 22 | F23: =F22 -> 1 | G23: 22 | H23: 1 | I23: ; | S23: 20 | T23: =$Q$17*U23 -> 134.48767 | U23: 0.58159001 | V23: 40.603753
B24: 6 | C24: 14 | D24: 12.74 | E24: =E23+1 -> 23 | F24: =F23 -> 1 | G24: 23 | H24: 1 | I24: ; | S24: 21 | T24: =$Q$17*U24 -> 41.442603 | U24: 0.17921794 | V24: 3.4742192
B25: 6 | C25: 13.86 | D25: 13.79 | E25: =E24+1 -> 24 | F25: =F24 -> 1 | G25: 24 | H25: 1 | I25: ; | S25: 22 | T25: =$Q$17*U25 -> 33.502959 | U25: 0.14488307 | V25: 26.909671
B26: 6 | C26: 13.68 | D26: 14.98 | E26: =E25+1 -> 25 | F26: =F25 -> 1 | G26: =G2 -> 1 | H26: =H2+1 -> 2 | I26: ; | S26: 23 | T26: =$Q$17*U26 -> 31.920795 | U26: 0.13804102 | V26: 27.457562
B27: 6 | C27: 14.41 | D27: 17.03 | E27: =E26+1 -> 26 | F27: =F26 -> 1 | G27: =G3 -> 2 | H27: =H3+1 -> 2 | I27: ; | T27: =SUM(T3:T26) -> 2629.1417 | V27: =SUM(V3:V26) -> 1251.3968
B28: 6 | C28: 13.83 | D28: 15.99 | E28: =E27+1 -> 27 | F28: =F27 -> 1 | G28: =G4 -> 3 | H28: =H4+1 -> 2 | I28: ; | T28: kWh/dia | V28: kVArh/dia
B29: 6 | C29: 14.4 | D29: 16.73 | E29: =E28+1 -> 28 | F29: =F28 -> 1 | G29: =G5 -> 4 | H29: =H5+1 -> 2 | I29: ; | T29: =T27*365 -> 959636.71 | V29: =V27*365 -> 456759.84
B30: 6 | C30: 13.76 | D30: 15.01 | E30: =E29+1 -> 29 | F30: =F29 -> 1 | G30: =G6 -> 5 | H30: =H6+1 -> 2 | I30: ; | T30: kWh/año | V30: kVArh/año
B31: 6 | C31: 14.04 | D31: 15.23 | E31: =E30+1 -> 30 | F31: =F30 -> 1 | G31: =G7 -> 6 | H31: =H7+1 -> 2 | I31: ;
B32: 6 | C32: 13.86 | D32: 14.44 | E32: =E31+1 -> 31 | F32: =F31 -> 1 | G32: =G8 -> 7 | H32: =H8+1 -> 2 | I32: ;
B33: 6 | C33: 22.61 | D33: 17.39 | E33: =E32+1 -> 32 | F33: =F32 -> 1 | G33: =G9 -> 8 | H33: =H9+1 -> 2 | I33: ;
B34: 2 | C34: 183.47 | D34: 95.34 | E34: =E33+1 -> 33 | F34: =F33 -> 1 | G34: =G10 -> 9 | H34: =H10+1 -> 2 | I34: ;
B35: 1 | C35: 209.04 | D35: 22.26 | E35: =E34+1 -> 34 | F35: =F34 -> 1 | G35: =G11 -> 10 | H35: =H11+1 -> 2 | I35: ;
B36: 1 | C36: 265.79 | D36: 73.76 | E36: =E35+1 -> 35 | F36: =F35 -> 1 | G36: =G12 -> 11 | H36: =H12+1 -> 2 | I36: ;
B37: 1 | C37: 487.15 | D37: 269.68 | E37: =E36+1 -> 36 | F37: =F36 -> 1 | G37: =G13 -> 12 | H37: =H13+1 -> 2 | I37: ;
B38: 1 | C38: 43.95 | D38: 5.54 | E38: =E37+1 -> 37 | F38: =F37 -> 1 | G38: =G14 -> 13 | H38: =H14+1 -> 2 | I38: ;
B39: 1 | C39: 410.58 | D39: 167.22 | E39: =E38+1 -> 38 | F39: =F38 -> 1 | G39: =G15 -> 14 | H39: =H15+1 -> 2 | I39: ;
B40: 2 | C40: 478.19 | D40: 197.25 | E40: =E39+1 -> 39 | F40: =F39 -> 1 | G40: =G16 -> 15 | H40: =H16+1 -> 2 | I40: ;
B41: 2 | C41: 474.18 | D41: 210.88 | E41: =E40+1 -> 40 | F41: =F40 -> 1 | G41: =G17 -> 16 | H41: =H17+1 -> 2 | I41: ;
B42: 2 | C42: 456.56 | D42: 187.67 | E42: =E41+1 -> 41 | F42: =F41 -> 1 | G42: =G18 -> 17 | H42: =H18+1 -> 2 | I42: ;
... B52: 6 | C52: 18.46 | D52: 18.64 | E52: =E51+1 -> 51 | F52: =F51 -> 1 | G52: =G28 -> 3 | H52: =H28+1 -> 3 | I52: ;
B53: 6 | C53: 18.53 | D53: 18.97 | E53: =E52+1 -> 52 | F53: =F52 -> 1 | G53: =G29 -> 4 | H53: =H29+1 -> 3 | I53: ; | K53: 1 | L53: 2 | M53: 3 | N53: 4 | O53: 5 | P53: 6 | Q53: 7 | R53: 8 | S53: 9 | T53: 10 | U53: 11 | V53: 12 | W53: 13 | X53: 14 | Y53: 15 | Z53: 16 | AA53: 17 | AB53: 18 | AC53: 19 | AD53: 20 | AE53: 21 | AF53: 22 | AG53: 23 | AH53: 24 | AI53: 25 | AJ53: 26 | AK53: 27 | AL53: 28 | AM53: 29 | AN53: 30 | AO53: 31 | AP53: 1 | AQ53: 2 | AR53: 3 | AS53: 4 | AT53: 5 | AU53: 6 | AV53: 7 | AW53: 8 | AX53: 9 | AY53: 10 | AZ53: 11 | BA53: 12 | BB53: 13 | BC53: 14 | BD53: 15 | BE53: 16 | BF53: 17 | BG53: 18 | BH53: 19 | BI53: 20 | BJ53: 21 | BK53: 22 | BL53: 23 | BM53: 24 | BN53: 25 | BO53: 26 | BP53: 27 | BQ53: 28 | BR53: 1 | BS53: 2 | BT53: 3 | BU53: 4 | BV53: 5 | BW53: 6 | BX53: 7 | BY53: 8 | BZ53: 9 | CA53: 10 | CB53: 11 | CC53: 12 | CD53: 13 | CE53: 14 | CF53: 15 | CG53: 16 | CH53: 17 | CI53: 18 | CJ53: 19 | CK53: 20 | CL53: 21 | CM53: 22 | CN53: 23 | CO53: 24 | CP53: 25 | CQ53: 26 | CR53: 27 | CS53: 28 | CT53: 29 | CU53: 30 | CV53: 31 | CW53: 1 | CX53: 2 | CY53: 3 | CZ53: 4 | DA53: 5 | DB53: 6 | DC53: 7 | DD53: 8 | DE53: 9 | DF53: 10 | DG53: 11 | DH53: 12 | DI53: 13 | DJ53: 14 | DK53: 15 | DL53: 16 | DM53: 17 | DN53: 18 | DO53: 19 | DP53: 20 | DQ53: 21 | DR53: 22 | DS53: 23 | DT53: 24 | DU53: 25 | DV53: 26 | DW53: 27 | DX53: 28 | DY53: 29 | DZ53: 30 | EA53: 1 | EB53: 2 | EC53: 3 | ED53: 4 | EE53: 5 | EF53: 6 | EG53: 7 | EH53: 8 | EI53: 9 | EJ53: 10 | EK53: 11 | EL53: 12 | EM53: 13 | EN53: 14 | EO53: 15 | EP53: 16 | EQ53: 17 | ER53: 18 | ES53: 19 | ET53: 20 | EU53: 21 | EV53: 22 | EW53: 23 | EX53: 24 | EY53: 25 | EZ53: 26 | FA53: 27 | FB53: 28 | FC53: 29 | FD53: 30 | FE53: 1 | FF53: 2 | FG53: 3 | FH53: 4 | FI53: 5 | FJ53: 6 | FK53: 7 | FL53: 8 | FM53: 9 | FN53: 10 | FO53: 11 | FP53: 12 | FQ53: 13 | FR53: 14 | FS53: 15 | FT53: 16 | FU53: 17 | FV53: 18 | FW53: 19 | FX53: 20 | FY53: 21 | FZ53: 22 | GA53: 23 | GB53: 24 | GC53: 25 | GD53: 26 | GE53: 27 | GF53: 28 | GG53: 29 | GH53: 30 | GI53: 31 | GJ53: 1 | GK53: 2 | GL53: 3 | GM53: 4 | GN53: 5 | GO53: 6 | GP53: 7 | GQ53: 8 | GR53: 9 | GS53: 10 | GT53: 11 | GU53: 12 | GV53: 13 | GW53: 14 | GX53: 15 | GY53: 16 | GZ53: 17 | HA53: 18 | HB53: 19 | HC53: 20 | HD53: 21 | HE53: 22 | HF53: 23 | HG53: 24 | HH53: 25 | HI53: 26 | HJ53: 27 | HK53: 28 | HL53: 29 | HM53: 30 | HN53: 31 | HO53: 1 | HP53: 2 | HQ53: 3 | HR53: 4 | HS53: 5 | HT53: 6 | HU53: 7 | HV53: 8 | HW53: 9 | HX53: 10 | HY53: 11 | HZ53: 12 | IA53: 13 | IB53: 14 | IC53: 15 | ID53: 16 | IE53: 17 | IF53: 18 | IG53: 19 | IH53: 20 | II53: 21 | IJ53: 22 | IK53: 23 | IL53: 24 | IM53: 25 | IN53: 26 | IO53: 27 | IP53: 28 | IQ53: 29 | IR53: 30 | IS53: 31 | IT53: 1 | IU53: 2 | IV53: 3 | IW53: 4 | IX53: 5 | IY53: 6 | IZ53: 7 | JA53: 8 | JB53: 9 | JC53: 10 | JD53: 11 | JE53: 12 | JF53: 13 | JG53: 14 | JH53: 15 | JI53: 16 | JJ53: 17 | JK53: 18 | JL53: 19 | JM53: 20 | JN53: 21 | JO53: 22 | JP53: 23 | JQ53: 24 | JR53: 25 | JS53: 26 | JT53: 27 | JU53: 28 | JV53: 29 | JW53: 30 | JX53: 1 | JY53: 2 | JZ53: 3 | KA53: 4 | KB53: 5 | KC53: 6 | KD53: 7 | KE53: 8 | KF53: 9 | KG53: 10 | KH53: 11 | KI53: 12 | KJ53: 13 | KK53: 14 | KL53: 15 | KM53: 16 | KN53: 17 | KO53: 18 | KP53: 19 | KQ53: 20 | KR53: 21 | KS53: 22 | KT53: 23 | KU53: 24 | KV53: 25 | KW53: 26 | KX53: 27 | KY53: 28 | KZ53: 29 | LA53: 30 | LB53: 31 | LC53: 1 | LD53: 2 | LE53: 3 | LF53: 4 | LG53: 5 | LH53: 6 | LI53: 7 | LJ53: 8 | LK53: 9 | LL53: 10 | LM53: 11 | LN53: 12 | LO53: 13 | LP53: 14 | LQ53: 15 | LR53: 16 | LS53: 17 | LT53: 18 | LU53: 19 | LV53: 20 | LW53: 21 | LX53: 22 | LY53: 23 | LZ53: 24 | MA53: 25 | MB53: 26 | MC53: 27 | MD53: 28 | ME53: 29 | MF53: 30 | MG53: 1 | MH53: 2 | MI53: 3 | MJ53: 4 | MK53: 5 | ML53: 6 | MM53: 7 | MN53: 8 | MO53: 9 | MP53: 10 | MQ53: 11 | MR53: 12 | MS53: 13 | MT53: 14 | MU53: 15 | MV53: 16 | MW53: 17 | MX53: 18 | MY53: 19 | MZ53: 20 | NA53: 21 | NB53: 22 | NC53: 23 | ND53: 24 | NE53: 25 | NF53: 26 | NG53: 27 | NH53: 28 | NI53: 29 | NJ53: 30 | NK53: 31
B54: 6 | C54: 18.33 | D54: 17.42 | E54: =E53+1 -> 53 | F54: =F53 -> 1 | G54: =G30 -> 5 | H54: =H30+1 -> 3 | I54: ; | K54: 13.72 | L54: 13.68 | M54: 18.36 | N54: 18.5 | O54: 18.8 | P54: 16.52 | Q54: 13.46 | R54: 14.36 | S54: 18.79 | T54: 18.22 | U54: 18.47 | V54: 18.84 | W54: 18.61 | X54: 18.4 | Y54: 18.4 | Z54: 18.5 | AA54: 18.75 | AB54: 147.86 | AC54: 268.74 | AD54: 290.92 | AE54: 149.23 | AF54: 16.28 | AG54: 152.6 | AH54: 154.98 | AI54: 160.01 | AJ54: 149.9 | AK54: 210.2 | AL54: 16.44 | AM54: 18.8 | AN54: 329.54 | AO54: 303.83 | AP54: 324.72 | AQ54: 341.28 | AR54: 148.82 | AS54: 137.6 | AT54: 17.86 | AU54: 284.58 | AV54: 161.24 | AW54: 119.02 | AX54: 204.97 | AY54: 310.07 | AZ54: 17.31 | BA54: 15.92 | BB54: 194.15 | BC54: 238.76 | BD54: 14.19 | BE54: 12.53 | BF54: 13.04 | BG54: 13 | BH54: 13.87 | BI54: 355.91 | BJ54: 361.8 | BK54: 319.89 | BL54: 165.02 | BM54: 316.08 | BN54: 203.29 | BO54: 15.3 | BP54: 23 | BQ54: 23.98 | BR54: 18.9 | BS54: 13.04 | BT54: 13.5 | BU54: 12.38 | BV54: 12.17 | BW54: 26.97 | BX54: 17.68 | BY54: 12.43 | BZ54: 19.76 | CA54: 12.56 | CB54: 13.36 | CC54: 15.41 | CD54: 18.11 | CE54: 15.31 | CF54: 13.61 | CG54: 15.01 | CH54: 14.76 | CI54: 12.13 | CJ54: 12.82 | CK54: 14.66 | CL54: 15.69 | CM54: 15.58 | CN54: 16.6 | CO54: 14.72 | CP54: 12.16 | CQ54: 12.46 | CR54: 14.97 | CS54: 14.55 | CT54: 14.52 | CU54: 14 | CV54: 13.6 | CW54: 11.09 | CX54: 11.99 | CY54: 14.65 | CZ54: 14.59 | DA54: 16.49 | DB54: 15.4 | DC54: 14.94 | DD54: 13.17 | DE54: 12.89 | DF54: 14.18 | DG54: 15.31 | DH54: 14.62 | DI54: 16.53 | DJ54: 14.43 | DK54: 13.4 | DL54: 13.21 | DM54: 15.15 | DN54: 14.51 | DO54: 12.78 | DP54: 14.32 | DQ54: 13.94 | DR54: 12.17 | DS54: 12.68 | DT54: 15.31 | DU54: 14.4 | DV54: 14.69 | DW54: 14.32 | DX54: 12.82 | DY54: 10.44 | DZ54: 11.6 | EA54: 11.56 | EB54: 11.59 | EC54: 14.9 | ED54: 14.51 | EE54: 16.34 | EF54: 11.95 | EG54: 12.67 | EH54: 14.48 | EI54: 16.1 | EJ54: 14.36 | EK54: 16.09 | EL54: 14.29 | EM54: 11.63 | EN54: 12.39 | EO54: 14.05 | EP54: 15.27 | EQ54: 13.9 | ER54: 15.02 | ES54: 14.59 | ET54: 12.78 | EU54: 12.38 | EV54: 12.23 | EW54: 13.75 | EX54: 12.56 | EY54: 14.39 | EZ54: 13.97 | FA54: 11.05 | FB54: 11.59 | FC54: 12.85 | FD54: 12.17 | FE54: 13.18 | FF54: 12.38 | FG54: 13.67 | FH54: 13.5 | FI54: 11.55 | FJ54: 13.98 | FK54: 14.35 | FL54: 11.95 | FM54: 13.68 | FN54: 12.71 | FO54: 12.06 | FP54: 12.36 | FQ54: 16.46 | FR54: 12.92 | FS54: 12.09 | FT54: 14.01 | FU54: 14.07 | FV54: 11.99 | FW54: 10.99 | FX54: 11.35 | FY54: 12.43 | FZ54: 14.95 | GA54: 11.95 | GB54: 11.95 | GC54: 10.27 | GD54: 11.55 | GE54: 10.4 | GF54: 11.09 | GG54: 11.67 | GH54: 12.59 | GI54: 12.28 | GJ54: 11.38 | GK54: 11.81 | GL54: 11.59 | GM54: 12.67 | GN54: 13.21 | GO54: 13.22 | GP54: 12.78 | GQ54: 11.71 | GR54: 11.62 | GS54: 13.64 | GT54: 13.43 | GU54: 12.39 | GV54: 10.98 | GW54: 10.56 | GX54: 11.36 | GY54: 11.6 | GZ54: 11.77 | HA54: 10.88 | HB54: 11.41 | HC54: 11.8 | HD54: 12.24 | HE54: 11.7 | HF54: 11.92 | HG54: 12.14 | HH54: 12.05 | HI54: 10.55 | HJ54: 11.26 | HK54: 11.53 | HL54: 11.01 | HM54: 10.76 | HN54: 12.67 | HO54: 11.15 | HP54: 10.65 | HQ54: 12.02 | HR54: 11.12 | HS54: 11.74 | HT54: 10.61 | HU54: 11.3 | HV54: 12.53 | HW54: 11.45 | HX54: 10.72 | HY54: 10.91 | HZ54: 10.88 | IA54: 11.6 | IB54: 12.17 | IC54: 10.7 | ID54: 11.01 | IE54: 11.19 | IF54: 10.8 | IG54: 10.47 | IH54: 12.3 | II54: 11.2 | IJ54: 10.55 | IK54: 12.29 | IL54: 11.71 | IM54: 10.88 | IN54: 10.44 | IO54: 11.88 | IP54: 10.33 | IQ54: 11.09 | IR54: 11.74 | IS54: 10.84 | IT54: 12.01 | IU54: 10.55 | IV54: 11.57 | IW54: 10.72 | IX54: 10 | IY54: 11.23 | IZ54: 13.28 | JA54: 12.83 | JB54: 11.8 | JC54: 11.19 | JD54: 10.38 | JE54: 11.71 | JF54: 11.31 | JG54: 15.7 | JH54: 10.59 | JI54: 10.91 | JJ54: 10.95 | JK54: 13.35 | JL54: 10.98 | JM54: 11.59 | JN54: 12.32 | JO54: 10.23 | JP54: 10.16 | JQ54: 10.59 | JR54: 11.52 | JS54: 10.51 | JT54: 10.65 | JU54: 11.37 | JV54: 10.19 | JW54: 11.02 | JX54: 11.12 | JY54: 10.27 | JZ54: 13.52 | KA54: 11.81 | KB54: 13.89 | KC54: 13 | KD54: 10.55 | KE54: 12.14 | KF54: 14.54 | KG54: 11.55 | KH54: 14.19 | KI54: 14.25 | KJ54: 14.4 | KK54: 11.17 | KL54: 12 | KM54: 16.63 | KN54: 14.72 | KO54: 15.81 | KP54: 14.62 | KQ54: 136.48 | KR54: 11.06 | KS54: 11.38 | KT54: 14.66 | KU54: 17.47 | KV54: 12.78 | KW54: 15.08 | KX54: 14.62 | KY54: 12.06 | KZ54: 11.12 | LA54: 14.65 | LB54: 14.47 | LC54: 17.68 | LD54: 13.42 | LE54: 17 | LF54: 11.67 | LG54: 12.81 | LH54: 14.83 | LI54: 14.47 | LJ54: 14.62 | LK54: 14.18 | LL54: 19.44 | LM54: 11.05 | LN54: 12.31 | LO54: 19.23 | LP54: 120.34 | LQ54: 15.66 | LR54: 16.28 | LS54: 16.99 | LT54: 12.73 | LU54: 13.17 | LV54: 14.48 | LW54: 14.56 | LX54: 15.01 | LY54: 16.27 | LZ54: 14.17 | MA54: 12.31 | MB54: 13.68 | MC54: 18.98 | MD54: 94.46 | ME54: 15.92 | MF54: 16.07 | MG54: 15.52 | MH54: 13.97 | MI54: 16.35 | MJ54: 18.43 | MK54: 15.66 | ML54: 17.96 | MM54: 16.02 | MN54: 15.96 | MO54: 15.15 | MP54: 13.24 | MQ54: 17.46 | MR54: 16.63 | MS54: 16.63 | MT54: 21.17 | MU54: 16.45 | MV54: 13.65 | MW54: 16.85 | MX54: 18.14 | MY54: 16.63 | MZ54: 16.06 | NA54: 15.52 | NB54: 16.1 | NC54: 15.01 | ND54: 14.07 | NE54: 15.51 | NF54: 12.99 | NG54: 14.8 | NH54: 15.51 | NI54: 17.31 | NJ54: 15.26 | NK54: 14.15
B55: 6 | C55: 18.25 | D55: 17.28 | E55: =E54+1 -> 54 | F55: =F54 -> 1 | G55: =G31 -> 6 | H55: =H31+1 -> 3 | I55: ; | K55: 14.3 | L55: 14.41 | M55: 18.46 | N55: 18.54 | O55: 18.58 | P55: 16.64 | Q55: 14.1 | R55: 13.97 | S55: 18.9 | T55: 18.43 | U55: 18.51 | V55: 19.05 | W55: 18.68 | X55: 18.57 | Y55: 18.43 | Z55: 18.53 | AA55: 18.79 | AB55: 132.62 | AC55: 129.74 | AD55: 336.38 | AE55: 158.91 | AF55: 16.78 | AG55: 122.98 | AH55: 128.87 | AI55: 150.05 | AJ55: 154.81 | AK55: 205.24 | AL55: 17.9 | AM55: 16.78 | AN55: 114.48 | AO55: 183.78 | AP55: 109.86 | AQ55: 39.42 | AR55: 81.22 | AS55: 41.04 | AT55: 16.89 | AU55: 32.11 | AV55: 37.77 | AW55: 34.67 | AX55: 67.64 | AY55: 35.25 | AZ55: 16.16 | BA55: 17.03 | BB55: 200.99 | BC55: 57.56 | BD55: 13.83 | BE55: 13.83 | BF55: 13.21 | BG55: 12.78 | BH55: 14.11 | BI55: 93.35 | BJ55: 55.47 | BK55: 100.05 | BL55: 49.68 | BM55: 80.21 | BN55: 30.6 | BO55: 15.48 | BP55: 20.09 | BQ55: 22.9 | BR55: 14.65 | BS55: 14.79 | BT55: 13.52 | BU55: 12.71 | BV55: 13.9 | BW55: 27.1 | BX55: 12.67 | BY55: 13.62 | BZ55: 19.8 | CA55: 12.35 | CB55: 12.47 | CC55: 15.52 | CD55: 18.22 | CE55: 15.41 | CF55: 13.75 | CG55: 15.01 | CH55: 14.83 | CI55: 12.93 | CJ55: 12.35 | CK55: 13.65 | CL55: 15.63 | CM55: 15.67 | CN55: 15.55 | CO55: 14.83 | CP55: 12.38 | CQ55: 12.42 | CR55: 14.98 | CS55: 14.47 | CT55: 14.22 | CU55: 14 | CV55: 11.31 | CW55: 11.95 | CX55: 11.99 | CY55: 14.66 | CZ55: 14.62 | DA55: 12.27 | DB55: 15.48 | DC55: 15.05 | DD55: 12.64 | DE55: 12.36 | DF55: 14.76 | DG55: 15.24 | DH55: 14.58 | DI55: 16.2 | DJ55: 14.58 | DK55: 13.04 | DL55: 12.5 | DM55: 14.26 | DN55: 14.62 | DO55: 13.07 | DP55: 15.65 | DQ55: 13.96 | DR55: 12.2 | DS55: 13.54 | DT55: 13.54 | DU55: 14.04 | DV55: 13.85 | DW55: 15.99 | DX55: 13.11 | DY55: 10.4 | DZ55: 12.48 | EA55: 12.74 | EB55: 13.47 | EC55: 14.76 | ED55: 14.29 | EE55: 12.49 | EF55: 12.71 | EG55: 12.59 | EH55: 14.55 | EI55: 12.57 | EJ55: 15.92 | EK55: 14.66 | EL55: 13.35 | EM55: 12.31 | EN55: 13.06 | EO55: 13.72 | EP55: 15.45 | EQ55: 13.42 | ER55: 15.18 | ES55: 13.65 | ET55: 12.28 | EU55: 11.99 | EV55: 12.89 | EW55: 12.09 | EX55: 12.71 | EY55: 13.86 | EZ55: 12.5 | FA55: 11.2 | FB55: 11.7 | FC55: 12.92 | FD55: 12.28 | FE55: 12.84 | FF55: 12.42 | FG55: 11.64 | FH55: 11.77 | FI55: 12.31 | FJ55: 14.11 | FK55: 14.44 | FL55: 12.82 | FM55: 11.92 | FN55: 11.59 | FO55: 12.05 | FP55: 11.6 | FQ55: 12.6 | FR55: 12.36 | FS55: 11.3 | FT55: 11.92 | FU55: 11.48 | FV55: 11.89 | FW55: 11.12 | FX55: 11.06 | FY55: 13.37 | FZ55: 11.56 | GA55: 11.98 | GB55: 11.92 | GC55: 10.33 | GD55: 12.92 | GE55: 10.54 | GF55: 11.16 | GG55: 12.67 | GH55: 11.88 | GI55: 11.52 | GJ55: 11.44 | GK55: 12.1 | GL55: 12.05 | GM55: 11.44 | GN55: 12.77 | GO55: 12.57 | GP55: 13.54 | GQ55: 11.27 | GR55: 10.95 | GS55: 12.06 | GT55: 11.63 | GU55: 11.84 | GV55: 11.17 | GW55: 10.65 | GX55: 12.31 | GY55: 11.63 | GZ55: 11.95 | HA55: 11.41 | HB55: 11.88 | HC55: 11.48 | HD55: 12.27 | HE55: 11.52 | HF55: 13.57 | HG55: 11.64 | HH55: 12.17 | HI55: 12.74 | HJ55: 11.44 | HK55: 13.35 | HL55: 11.23 | HM55: 11.02 | HN55: 11.48 | HO55: 10.69 | HP55: 11.41 | HQ55: 11.59 | HR55: 12.42 | HS55: 11.12 | HT55: 10.76 | HU55: 11.78 | HV55: 12.78 | HW55: 11.02 | HX55: 10.76 | HY55: 11.78 | HZ55: 10.95 | IA55: 11.12 | IB55: 11.44 | IC55: 10.44 | ID55: 10.77 | IE55: 11.09 | IF55: 10.65 | IG55: 10.44 | IH55: 11.08 | II55: 10.8 | IJ55: 10.47 | IK55: 12.03 | IL55: 11.71 | IM55: 11.13 | IN55: 10.44 | IO55: 11.77 | IP55: 10.95 | IQ55: 10.87 | IR55: 10.87 | IS55: 10.91 | IT55: 12.02 | IU55: 10.73 | IV55: 10.99 | IW55: 10.83 | IX55: 10.03 | IY55: 11.3 | IZ55: 13.25 | JA55: 12.35 | JB55: 11.16 | JC55: 11.7 | JD55: 11.38 | JE55: 11.81 | JF55: 10.9 | JG55: 14.44 | JH55: 11.7 | JI55: 10.91 | JJ55: 12.57 | JK55: 11.84 | JL55: 10.87 | JM55: 10.8 | JN55: 11.38 | JO55: 10.16 | JP55: 10.3 | JQ55: 10.51 | JR55: 10.55 | JS55: 10.47 | JT55: 10.34 | JU55: 11.81 | JV55: 11.23 | JW55: 10.27 | JX55: 11.05 | JY55: 10.8 | JZ55: 14.87 | KA55: 11.06 | KB55: 13.25 | KC55: 12.45 | KD55: 10.2 | KE55: 10.44 | KF55: 11.7 | KG55: 11.31 | KH55: 14.22 | KI55: 14.32 | KJ55: 14.4 | KK55: 11.76 | KL55: 12.06 | KM55: 13.18 | KN55: 16.31 | KO55: 14.32 | KP55: 14.52 | KQ55: 19.79 | KR55: 11.12 | KS55: 12.24 | KT55: 14.69 | KU55: 15 | KV55: 12.09 | KW55: 14.04 | KX55: 15.52 | KY55: 11.3 | KZ55: 12.16 | LA55: 14.73 | LB55: 14.87 | LC55: 15.66 | LD55: 12.36 | LE55: 15.23 | LF55: 11.81 | LG55: 11.74 | LH55: 14.8 | LI55: 14.4 | LJ55: 14.58 | LK55: 11.48 | LL55: 20.78 | LM55: 11.19 | LN55: 11.22 | LO55: 16.63 | LP55: 43.56 | LQ55: 14.21 | LR55: 14.97 | LS55: 15.81 | LT55: 13.81 | LU55: 11.67 | LV55: 14.48 | LW55: 12.31 | LX55: 16.09 | LY55: 14.58 | LZ55: 14.21 | MA55: 13 | MB55: 12.46 | MC55: 20.96 | MD55: 94.5 | ME55: 16.1 | MF55: 18.15 | MG55: 15.76 | MH55: 16.49 | MI55: 13.64 | MJ55: 19.12 | MK55: 15.27 | ML55: 15.91 | MM55: 16.19 | MN55: 17.86 | MO55: 15.16 | MP55: 12.79 | MQ55: 16.96 | MR55: 18.47 | MS55: 18.07 | MT55: 20.74 | MU55: 16.52 | MV55: 16.24 | MW55: 17.13 | MX55: 16.53 | MY55: 16.64 | MZ55: 16.17 | NA55: 15.63 | NB55: 15.98 | NC55: 16.63 | ND55: 14.11 | NE55: 14.32 | NF55: 13 | NG55: 15.3 | NH55: 16.71 | NI55: 15.01 | NJ55: 12.71 | NK55: 14.18
B56: 6 | C56: 18.36 | D56: 17.79 | E56: =E55+1 -> 55 | F56: =F55 -> 1 | G56: =G32 -> 7 | H56: =H32+1 -> 3 | I56: ; | K56: 13.76 | L56: 13.83 | M56: 18.46 | N56: 18.54 | O56: 18.6 | P56: 16.85 | Q56: 13.79 | R56: 14.25 | S56: 18.79 | T56: 18.29 | U56: 18.36 | V56: 19.12 | W56: 18.94 | X56: 18.57 | Y56: 18.4 | Z56: 18.61 | AA56: 18.95 | AB56: 150.29 | AC56: 290.49 | AD56: 284.69 | AE56: 153.22 | AF56: 16.34 | AG56: 143.1 | AH56: 122.8 | AI56: 132.51 | AJ56: 120.64 | AK56: 26.92 | AL56: 17.49 | AM56: 18.44 | AN56: 24.56 | AO56: 23.94 | AP56: 24.98 | AQ56: 25.45 | AR56: 24.34 | AS56: 23.65 | AT56: 16.7 | AU56: 25.35 | AV56: 23.87 | AW56: 24.34 | AX56: 23.68 | AY56: 26.39 | AZ56: 16.2 | BA56: 16.02 | BB56: 24.19 | BC56: 20.67 | BD56: 13.44 | BE56: 12.61 | BF56: 13.89 | BG56: 14.25 | BH56: 14.22 | BI56: 23.39 | BJ56: 23.44 | BK56: 24.01 | BL56: 24.19 | BM56: 24.02 | BN56: 23.47 | BO56: 17.99 | BP56: 15.56 | BQ56: 16.44 | BR56: 14.8 | BS56: 13.93 | BT56: 15.4 | BU56: 12.64 | BV56: 12.12 | BW56: 22.18 | BX56: 12.67 | BY56: 12.53 | BZ56: 19.95 | CA56: 12.99 | CB56: 12.59 | CC56: 15.48 | CD56: 15.88 | CE56: 15.08 | CF56: 13.75 | CG56: 13.24 | CH56: 12.56 | CI56: 12.16 | CJ56: 12.36 | CK56: 12.47 | CL56: 13.47 | CM56: 16.74 | CN56: 15.19 | CO56: 16.5 | CP56: 12.86 | CQ56: 13.18 | CR56: 16.59 | CS56: 14.15 | CT56: 13.13 | CU56: 14.5 | CV56: 11.06 | CW56: 11.12 | CX56: 11.45 | CY56: 14.58 | CZ56: 13.97 | DA56: 12.24 | DB56: 14.14 | DC56: 14.98 | DD56: 12.74 | DE56: 12.36 | DF56: 15.47 | DG56: 13.57 | DH56: 13.65 | DI56: 13.93 | DJ56: 15.3 | DK56: 12.85 | DL56: 13.6 | DM56: 13.39 | DN56: 16.71 | DO56: 12.16 | DP56: 12.3 | DQ56: 12.39 | DR56: 12.99 | DS56: 13.43 | DT56: 13.75 | DU56: 13.06 | DV56: 12.78 | DW56: 12.7 | DX56: 14.22 | DY56: 10.47 | DZ56: 12.5 | EA56: 11.67 | EB56: 11.63 | EC56: 14.9 | ED56: 16.13 | EE56: 12.02 | EF56: 11.91 | EG56: 12.07 | EH56: 12.75 | EI56: 12.67 | EJ56: 12.2 | EK56: 14.36 | EL56: 12.41 | EM56: 12.06 | EN56: 11.88 | EO56: 11.48 | EP56: 14.58 | EQ56: 12.53 | ER56: 12.67 | ES56: 12.21 | ET56: 13.28 | EU56: 11.95 | EV56: 12.2 | EW56: 12.06 | EX56: 11.81 | EY56: 11.59 | EZ56: 13.54 | FA56: 12.6 | FB56: 12.5 | FC56: 12.02 | FD56: 11.74 | FE56: 11.88 | FF56: 11.88 | FG56: 11.74 | FH56: 11.98 | FI56: 11.7 | FJ56: 14.07 | FK56: 13.36 | FL56: 12.7 | FM56: 11.48 | FN56: 11.74 | FO56: 11.34 | FP56: 12.63 | FQ56: 12.46 | FR56: 11.44 | FS56: 11.41 | FT56: 11.56 | FU56: 11.56 | FV56: 11.05 | FW56: 12.71 | FX56: 11.02 | FY56: 12.39 | FZ56: 11.67 | GA56: 12.16 | GB56: 10.8 | GC56: 10.41 | GD56: 11.56 | GE56: 10.61 | GF56: 11.23 | GG56: 12.24 | GH56: 12.06 | GI56: 11.6 | GJ56: 11.48 | GK56: 12.1 | GL56: 11.27 | GM56: 11.45 | GN56: 12.2 | GO56: 12.88 | GP56: 12.63 | GQ56: 11.27 | GR56: 11.02 | GS56: 11.92 | GT56: 11.06 | GU56: 12.02 | GV56: 11.48 | GW56: 11.52 | GX56: 12.17 | GY56: 12.35 | GZ56: 12.42 | HA56: 12.1 | HB56: 11.92 | HC56: 11.37 | HD56: 14.01 | HE56: 12.46 | HF56: 11.78 | HG56: 12.29 | HH56: 11.98 | HI56: 13.86 | HJ56: 12.02 | HK56: 14.26 | HL56: 10.68 | HM56: 11.95 | HN56: 12.41 | HO56: 10.76 | HP56: 10.88 | HQ56: 12.09 | HR56: 11.8 | HS56: 11.27 | HT56: 11.27 | HU56: 12.17 | HV56: 13.35 | HW56: 11.77 | HX56: 11.59 | HY56: 10.76 | HZ56: 11.66 | IA56: 11.19 | IB56: 12.23 | IC56: 12.09 | ID56: 11.58 | IE56: 11.56 | IF56: 10.91 | IG56: 11.38 | IH56: 10.8 | II56: 11.74 | IJ56: 10.73 | IK56: 15.23 | IL56: 11.66 | IM56: 11.99 | IN56: 11.38 | IO56: 12.61 | IP56: 10.33 | IQ56: 11.01 | IR56: 10.75 | IS56: 11.63 | IT56: 12.45 | IU56: 10.62 | IV56: 11.92 | IW56: 11.23 | IX56: 12.17 | IY56: 11.59 | IZ56: 11.81 | JA56: 12.39 | JB56: 11.36 | JC56: 11.45 | JD56: 11.23 | JE56: 11.67 | JF56: 12.13 | JG56: 13.21 | JH56: 10.66 | JI56: 11.74 | JJ56: 11.05 | JK56: 11.8 | JL56: 10.99 | JM56: 11.2 | JN56: 11.41 | JO56: 11.05 | JP56: 11.05 | JQ56: 10.58 | JR56: 11.34 | JS56: 11.09 | JT56: 10.3 | JU56: 13.64 | JV56: 10.11 | JW56: 10.38 | JX56: 10.7 | JY56: 11.56 | JZ56: 14.14 | KA56: 11.03 | KB56: 11.16 | KC56: 11.52 | KD56: 10.16 | KE56: 10.48 | KF56: 10.51 | KG56: 12.17 | KH56: 14.55 | KI56: 14.76 | KJ56: 13.78 | KK56: 11.77 | KL56: 11.23 | KM56: 12.54 | KN56: 15.48 | KO56: 14.55 | KP56: 14.87 | KQ56: 14.29 | KR56: 12.49 | KS56: 12.35 | KT56: 16.49 | KU56: 15.12 | KV56: 13 | KW56: 12.03 | KX56: 13.07 | KY56: 11.37 | KZ56: 12.16 | LA56: 14.07 | LB56: 15.56 | LC56: 15.66 | LD56: 13.24 | LE56: 14.37 | LF56: 13 | LG56: 12.81 | LH56: 16.2 | LI56: 11.77 | LJ56: 13.64 | LK56: 11.67 | LL56: 17.1 | LM56: 14.14 | LN56: 11.16 | LO56: 14.75 | LP56: 14.58 | LQ56: 16.3 | LR56: 13.61 | LS56: 13.57 | LT56: 13.83 | LU56: 12.64 | LV56: 13.16 | LW56: 11.63 | LX56: 14.66 | LY56: 12.3 | LZ56: 14.32 | MA56: 11.76 | MB56: 11.85 | MC56: 18.88 | MD56: 96.01 | ME56: 16.81 | MF56: 16.12 | MG56: 17.21 | MH56: 14.46 | MI56: 15.3 | MJ56: 14.51 | MK56: 17.17 | ML56: 13.43 | MM56: 17.65 | MN56: 16.1 | MO56: 13.32 | MP56: 14.73 | MQ56: 16.3 | MR56: 16.89 | MS56: 17.43 | MT56: 16.71 | MU56: 16.59 | MV56: 14.37 | MW56: 16.13 | MX56: 16.71 | MY56: 18.47 | MZ56: 17.71 | NA56: 15.72 | NB56: 15.12 | NC56: 13.79 | ND56: 14.87 | NE56: 12.78 | NF56: 17.07 | NG56: 16.56 | NH56: 15.28 | NI56: 15.02 | NJ56: 12.39 | NK56: 12.13
B57: 6 | C57: 28.08 | D57: 17.47 | E57: =E56+1 -> 56 | F57: =F56 -> 1 | G57: =G33 -> 8 | H57: =H33+1 -> 3 | I57: ; | K57: 14.47 | L57: 14.4 | M57: 18.53 | N57: 18.58 | O57: 18.62 | P57: 16.78 | Q57: 13.76 | R57: 14.4 | S57: 18.84 | T57: 18.29 | U57: 18.32 | V57: 18.97 | W57: 19.01 | X57: 18.07 | Y57: 18.54 | Z57: 18.5 | AA57: 18.76 | AB57: 150.15 | AC57: 195.19 | AD57: 304.88 | AE57: 155.64 | AF57: 16.3 | AG57: 154.08 | AH57: 166.06 | AI57: 133.23 | AJ57: 154.22 | AK57: 23.84 | AL57: 16.88 | AM57: 17.39 | AN57: 23.26 | AO57: 23.32 | AP57: 24.91 | AQ57: 25.45 | AR57: 23.87 | AS57: 23.34 | AT57: 17.42 | AU57: 25.28 | AV57: 23.72 | AW57: 24.11 | AX57: 22.46 | AY57: 26.14 | AZ57: 17.46 | BA57: 17.35 | BB57: 23.83 | BC57: 20.63 | BD57: 13.82 | BE57: 13.67 | BF57: 12.78 | BG57: 12.74 | BH57: 13.11 | BI57: 23.58 | BJ57: 21.35 | BK57: 23.79 | BL57: 23.79 | BM57: 23.76 | BN57: 19.84 | BO57: 15.28 | BP57: 15.63 | BQ57: 16.48 | BR57: 16.56 | BS57: 13.22 | BT57: 13.6 | BU57: 13.64 | BV57: 12.31 | BW57: 18.68 | BX57: 14.87 | BY57: 13.14 | BZ57: 19.98 | CA57: 12.81 | CB57: 13.43 | CC57: 14.29 | CD57: 14.9 | CE57: 13.12 | CF57: 13.82 | CG57: 12.77 | CH57: 12.35 | CI57: 12.16 | CJ57: 13.18 | CK57: 12.36 | CL57: 13.28 | CM57: 13.47 | CN57: 13.18 | CO57: 14.83 | CP57: 13.21 | CQ57: 12.61 | CR57: 12.93 | CS57: 13.11 | CT57: 12.16 | CU57: 11.82 | CV57: 11.63 | CW57: 11.27 | CX57: 11.33 | CY57: 13.82 | CZ57: 13.25 | DA57: 12.75 | DB57: 13.25 | DC57: 14.79 | DD57: 14.58 | DE57: 13.86 | DF57: 14.25 | DG57: 13.73 | DH57: 12.39 | DI57: 13.68 | DJ57: 12.35 | DK57: 12.52 | DL57: 12.46 | DM57: 12.67 | DN57: 14.3 | DO57: 12.95 | DP57: 12.09 | DQ57: 12.82 | DR57: 12.32 | DS57: 12.67 | DT57: 13.06 | DU57: 12.2 | DV57: 12.5 | DW57: 12.13 | DX57: 12.1 | DY57: 11.84 | DZ57: 11.48 | EA57: 11.71 | EB57: 11.56 | EC57: 13.82 | ED57: 14.11 | EE57: 11.74 | EF57: 12.1 | EG57: 11.99 | EH57: 12.08 | EI57: 13.42 | EJ57: 12.24 | EK57: 12.53 | EL57: 11.95 | EM57: 12.74 | EN57: 11.88 | EO57: 11.55 | EP57: 13.06 | EQ57: 12.57 | ER57: 12.75 | ES57: 12.86 | ET57: 13.18 | EU57: 12.7 | EV57: 13.03 | EW57: 12.2 | EX57: 12.53 | EY57: 12.42 | EZ57: 12.53 | FA57: 11.35 | FB57: 11.91 | FC57: 12.81 | FD57: 12.09 | FE57: 11.71 | FF57: 11.88 | FG57: 12.36 | FH57: 11.92 | FI57: 12.28 | FJ57: 12.6 | FK57: 12.2 | FL57: 11.95 | FM57: 11.56 | FN57: 12.42 | FO57: 11.34 | FP57: 11.64 | FQ57: 12.53 | FR57: 12.13 | FS57: 12.06 | FT57: 11.95 | FU57: 11.48 | FV57: 11.08 | FW57: 11.09 | FX57: 11.74 | FY57: 13.29 | FZ57: 11.74 | GA57: 12.89 | GB57: 10.8 | GC57: 12.32 | GD57: 11.48 | GE57: 11.52 | GF57: 11.59 | GG57: 11.71 | GH57: 12.64 | GI57: 11.98 | GJ57: 13.21 | GK57: 11.84 | GL57: 11.95 | GM57: 11.41 | GN57: 12.31 | GO57: 12.74 | GP57: 12.56 | GQ57: 11.91 | GR57: 11.06 | GS57: 11.47 | GT57: 11.15 | GU57: 12.67 | GV57: 11.73 | GW57: 11.98 | GX57: 11.55 | GY57: 11.63 | GZ57: 12.17 | HA57: 11.63 | HB57: 12.53 | HC57: 11.39 | HD57: 13.29 | HE57: 11.38 | HF57: 11.51 | HG57: 11.98 | HH57: 13.07 | HI57: 13.43 | HJ57: 11.56 | HK57: 14.8 | HL57: 10.84 | HM57: 11.01 | HN57: 11.81 | HO57: 10.95 | HP57: 11.01 | HQ57: 11.37 | HR57: 11.34 | HS57: 11.73 | HT57: 10.74 | HU57: 13.78 | HV57: 12.82 | HW57: 11.05 | HX57: 11.02 | HY57: 11.81 | HZ57: 11.15 | IA57: 10.88 | IB57: 12.95 | IC57: 10.51 | ID57: 10.88 | IE57: 11.37 | IF57: 10.4 | IG57: 10.98 | IH57: 10.68 | II57: 11.02 | IJ57: 11.81 | IK57: 17.53 | IL57: 13.93 | IM57: 11.98 | IN57: 10.91 | IO57: 11.71 | IP57: 10.19 | IQ57: 11.13 | IR57: 11.15 | IS57: 11.03 | IT57: 13.22 | IU57: 10.73 | IV57: 11.53 | IW57: 11.74 | IX57: 10 | IY57: 12.56 | IZ57: 11.85 | JA57: 13.18 | JB57: 12.05 | JC57: 12.38 | JD57: 10.47 | JE57: 13.89 | JF57: 10.99 | JG57: 13.22 | JH57: 11.27 | JI57: 12.03 | JJ57: 11.12 | JK57: 11.92 | JL57: 12.14 | JM57: 11.63 | JN57: 11.47 | JO57: 11.2 | JP57: 11.05 | JQ57: 11.77 | JR57: 10.51 | JS57: 11.49 | JT57: 11.09 | JU57: 11.73 | JV57: 10.36 | JW57: 11.16 | JX57: 10.55 | JY57: 10.37 | JZ57: 11.89 | KA57: 11.73 | KB57: 11.34 | KC57: 12.92 | KD57: 11.09 | KE57: 11.02 | KF57: 10.43 | KG57: 11.37 | KH57: 13.54 | KI57: 13.93 | KJ57: 11.23 | KK57: 11.06 | KL57: 11.2 | KM57: 12.43 | KN57: 13.18 | KO57: 13.03 | KP57: 14.79 | KQ57: 14 | KR57: 12.36 | KS57: 12.03 | KT57: 12.74 | KU57: 16.02 | KV57: 13.09 | KW57: 11.51 | KX57: 12.56 | KY57: 11.99 | KZ57: 11.24 | LA57: 11.67 | LB57: 12.96 | LC57: 13.14 | LD57: 12.63 | LE57: 12.88 | LF57: 13.18 | LG57: 11.81 | LH57: 13.28 | LI57: 11.88 | LJ57: 12.31 | LK57: 12.68 | LL57: 15.04 | LM57: 11.49 | LN57: 13.56 | LO57: 17.67 | LP57: 13.46 | LQ57: 15.66 | LR57: 12.5 | LS57: 14.14 | LT57: 13.22 | LU57: 11.74 | LV57: 13.06 | LW57: 12.84 | LX57: 12.77 | LY57: 12.95 | LZ57: 15.88 | MA57: 11.6 | MB57: 12.7 | MC57: 15.34 | MD57: 89.85 | ME57: 17.33 | MF57: 13.76 | MG57: 15.95 | MH57: 15.34 | MI57: 13.5 | MJ57: 14.73 | MK57: 12.95 | ML57: 13.5 | MM57: 15.52 | MN57: 14.29 | MO57: 12.27 | MP57: 13.14 | MQ57: 14.47 | MR57: 16.79 | MS57: 16.81 | MT57: 16.85 | MU57: 18.4 | MV57: 13.71 | MW57: 14.19 | MX57: 13.82 | MY57: 15.66 | MZ57: 15.54 | NA57: 15.81 | NB57: 14.69 | NC57: 13.87 | ND57: 15.55 | NE57: 13.64 | NF57: 13.58 | NG57: 13.64 | NH57: 15.45 | NI57: 15.04 | NJ57: 15.44 | NK57: 13.28
B58: 2 | C58: 326.16 | D58: 142.56 | E58: =E57+1 -> 57 | F58: =F57 -> 1 | G58: =G34 -> 9 | H58: =H34+1 -> 3 | I58: ; | K58: 13.89 | L58: 13.76 | M58: 18.33 | N58: 18.5 | O58: 18.44 | P58: 16.78 | Q58: 14 | R58: 14.11 | S58: 18.72 | T58: 18.25 | U58: 18.36 | V58: 18.97 | W58: 18.94 | X58: 17.61 | Y58: 18.43 | Z58: 18.46 | AA58: 18.68 | AB58: 152.09 | AC58: 159.84 | AD58: 325.94 | AE58: 159.62 | AF58: 16.78 | AG58: 154.65 | AH58: 146.63 | AI58: 157.11 | AJ58: 146.05 | AK58: 23.65 | AL58: 17.97 | AM58: 16.7 | AN58: 16.85 | AO58: 23.44 | AP58: 22.11 | AQ58: 25.53 | AR58: 23.71 | AS58: 23.29 | AT58: 16.67 | AU58: 20.41 | AV58: 23.04 | AW58: 23.19 | AX58: 17.28 | AY58: 26.14 | AZ58: 16.13 | BA58: 15.84 | BB58: 23.07 | BC58: 20.49 | BD58: 13.94 | BE58: 13.69 | BF58: 15.12 | BG58: 13.75 | BH58: 14.33 | BI58: 23.21 | BJ58: 15.76 | BK58: 17.57 | BL58: 23.64 | BM58: 23.65 | BN58: 15.91 | BO58: 15.55 | BP58: 17.17 | BQ58: 18.24 | BR58: 14.9 | BS58: 14.21 | BT58: 14.51 | BU58: 12.35 | BV58: 13.14 | BW58: 19.15 | BX58: 12.71 | BY58: 13.46 | BZ58: 20.06 | CA58: 12.32 | CB58: 12.56 | CC58: 12.67 | CD58: 14.86 | CE58: 13.14 | CF58: 14.58 | CG58: 12.77 | CH58: 12.43 | CI58: 12.93 | CJ58: 12.32 | CK58: 12.99 | CL58: 13.28 | CM58: 13.46 | CN58: 13.93 | CO58: 13.06 | CP58: 12.78 | CQ58: 13.33 | CR58: 12.5 | CS58: 12.06 | CT58: 12.67 | CU58: 11.88 | CV58: 12.17 | CW58: 12.13 | CX58: 11.95 | CY58: 13.26 | CZ58: 12.28 | DA58: 12.45 | DB58: 13.1 | DC58: 12.82 | DD58: 12.77 | DE58: 12.24 | DF58: 11.75 | DG58: 13.87 | DH58: 12.46 | DI58: 14.87 | DJ58: 12.4 | DK58: 12.46 | DL58: 13.36 | DM58: 13.54 | DN58: 12.24 | DO58: 12.21 | DP58: 12.16 | DQ58: 11.91 | DR58: 13.25 | DS58: 12.49 | DT58: 13.32 | DU58: 12.24 | DV58: 13.03 | DW58: 12.2 | DX58: 11.16 | DY58: 10.54 | DZ58: 11.59 | EA58: 12.46 | EB58: 11.63 | EC58: 12.54 | ED58: 12.16 | EE58: 12.24 | EF58: 12.31 | EG58: 11.84 | EH58: 12.38 | EI58: 12.64 | EJ58: 12.24 | EK58: 13.25 | EL58: 12.56 | EM58: 11.74 | EN58: 11.92 | EO58: 12.31 | EP58: 13.89 | EQ58: 13.35 | ER58: 12.67 | ES58: 12.13 | ET58: 12.39 | EU58: 12.95 | EV58: 12.2 | EW58: 12.96 | EX58: 11.84 | EY58: 11.7 | EZ58: 12.6 | FA58: 11.26 | FB58: 11.45 | FC58: 12.16 | FD58: 12.31 | FE58: 12.24 | FF58: 12.09 | FG58: 11.81 | FH58: 13.03 | FI58: 11.71 | FJ58: 12.71 | FK58: 13.25 | FL58: 11.91 | FM58: 12.09 | FN58: 12.14 | FO58: 12.13 | FP58: 12.27 | FQ58: 12.43 | FR58: 11.56 | FS58: 12.24 | FT58: 12.42 | FU58: 12.11 | FV58: 11.74 | FW58: 11.03 | FX58: 11.15 | FY58: 12.53 | FZ58: 12.71 | GA58: 12.8 | GB58: 11.34 | GC58: 10.4 | GD58: 11.4 | GE58: 11.3 | GF58: 11.81 | GG58: 11.78 | GH58: 12.05 | GI58: 11.62 | GJ58: 11.27 | GK58: 11.52 | GL58: 11.3 | GM58: 12.28 | GN58: 12.32 | GO58: 14.33 | GP58: 13.35 | GQ58: 12.2 | GR58: 12.38 | GS58: 11.7 | GT58: 11.7 | GU58: 12.11 | GV58: 12.13 | GW58: 10.96 | GX58: 11.41 | GY58: 12.28 | GZ58: 11.95 | HA58: 11.77 | HB58: 11.74 | HC58: 13.07 | HD58: 13.11 | HE58: 11.52 | HF58: 11.49 | HG58: 11.78 | HH58: 12.7 | HI58: 12.71 | HJ58: 12.43 | HK58: 13.79 | HL58: 11.48 | HM58: 10.99 | HN58: 12.75 | HO58: 12.2 | HP58: 11.88 | HQ58: 11.83 | HR58: 11.4 | HS58: 12.21 | HT58: 11.38 | HU58: 13.82 | HV58: 12.6 | HW58: 11.13 | HX58: 10.37 | HY58: 11.09 | HZ58: 11.63 | IA58: 13.03 | IB58: 11.64 | IC58: 10.62 | ID58: 10.98 | IE58: 12.46 | IF58: 10.19 | IG58: 11.45 | IH58: 11.13 | II58: 11.53 | IJ58: 10.44 | IK58: 15.95 | IL58: 11.81 | IM58: 11.23 | IN58: 10.62 | IO58: 11.63 | IP58: 10.88 | IQ58: 11.73 | IR58: 11.05 | IS58: 11.98 | IT58: 12.19 | IU58: 11.83 | IV58: 10.94 | IW58: 10.51 | IX58: 10.19 | IY58: 12.7 | IZ58: 12.88 | JA58: 12.67 | JB58: 12.35 | JC58: 11.3 | JD58: 10.34 | JE58: 11.78 | JF58: 12.13 | JG58: 14.58 | JH58: 10.87 | JI58: 10.99 | JJ58: 11.49 | JK58: 13.11 | JL58: 12.1 | JM58: 11.71 | JN58: 12.24 | JO58: 10.4 | JP58: 10.23 | JQ58: 11.27 | JR58: 10.5 | JS58: 10.3 | JT58: 10.73 | JU58: 11.84 | JV58: 11.02 | JW58: 11.27 | JX58: 10.77 | JY58: 10.33 | JZ58: 11.68 | KA58: 11.85 | KB58: 12.34 | KC58: 12.07 | KD58: 10.98 | KE58: 10.91 | KF58: 10.94 | KG58: 12.21 | KH58: 12.63 | KI58: 12.03 | KJ58: 12.42 | KK58: 11.09 | KL58: 11.88 | KM58: 13.26 | KN58: 12.46 | KO58: 12.79 | KP58: 12.28 | KQ58: 14.04 | KR58: 11.16 | KS58: 11.6 | KT58: 12.32 | KU58: 14.4 | KV58: 12.27 | KW58: 12.5 | KX58: 12.82 | KY58: 11.74 | KZ58: 11.09 | LA58: 12.59 | LB58: 11.84 | LC58: 13.11 | LD58: 12.42 | LE58: 13.79 | LF58: 11.88 | LG58: 12.79 | LH58: 12.36 | LI58: 12.95 | LJ58: 12.42 | LK58: 12.78 | LL58: 15.04 | LM58: 11.33 | LN58: 10.96 | LO58: 16.13 | LP58: 13.1 | LQ58: 14.36 | LR58: 13.5 | LS58: 13.68 | LT58: 13.97 | LU58: 12.82 | LV58: 11.55 | LW58: 13.07 | LX58: 13.06 | LY58: 13.6 | LZ58: 14.62 | MA58: 11.48 | MB58: 12.53 | MC58: 14.94 | MD58: 89.96 | ME58: 14.48 | MF58: 13.8 | MG58: 13.18 | MH58: 16.82 | MI58: 16.81 | MJ58: 16.27 | MK58: 12.5 | ML58: 17.03 | MM58: 13.75 | MN58: 13.61 | MO58: 13.82 | MP58: 13.53 | MQ58: 14.79 | MR58: 14.48 | MS58: 16.78 | MT58: 16.92 | MU58: 14.91 | MV58: 14.29 | MW58: 15.41 | MX58: 14.84 | MY58: 13.71 | MZ58: 13.54 | NA58: 13.04 | NB58: 13.42 | NC58: 16.34 | ND58: 14.51 | NE58: 15.12 | NF58: 13 | NG58: 11.88 | NH58: 17.03 | NI58: 13.42 | NJ58: 14.27 | NK58: 15.04
B59: 1 | C59: 364.79 | D59: 100.59 | E59: =E58+1 -> 58 | F59: =F58 -> 1 | G59: =G35 -> 10 | H59: =H35+1 -> 3 | I59: ; | K59: 14.18 | L59: 14.04 | M59: 18.25 | N59: 18.47 | O59: 18.53 | P59: 16.71 | Q59: 13.75 | R59: 14.61 | S59: 18.75 | T59: 18.25 | U59: 18.35 | V59: 19.04 | W59: 18.98 | X59: 16.88 | Y59: 17.1 | Z59: 18.4 | AA59: 18.72 | AB59: 156.53 | AC59: 244.18 | AD59: 280.74 | AE59: 62.89 | AF59: 16.23 | AG59: 155.62 | AH59: 150.9 | AI59: 158.61 | AJ59: 154.44 | AK59: 23.8 | AL59: 17.76 | AM59: 18.9 | AN59: 15.84 | AO59: 20.63 | AP59: 17.78 | AQ59: 23.11 | AR59: 21.02 | AS59: 23.4 | AT59: 16.5 | AU59: 17.71 | AV59: 16.82 | AW59: 18.94 | AX59: 17.25 | AY59: 26.07 | AZ59: 16.05 | BA59: 15.85 | BB59: 19.05 | BC59: 20.67 | BD59: 14.18 | BE59: 12.28 | BF59: 12.67 | BG59: 13.44 | BH59: 13.68 | BI59: 23.3 | BJ59: 15.72 | BK59: 15.92 | BL59: 17.42 | BM59: 23.58 | BN59: 16.55 | BO59: 18.36 | BP59: 16.17 | BQ59: 17.06 | BR59: 15.65 | BS59: 12.96 | BT59: 14.58 | BU59: 12.27 | BV59: 12.81 | BW59: 21.3 | BX59: 12.75 | BY59: 12.39 | BZ59: 19.97 | CA59: 12.39 | CB59: 12.57 | CC59: 12.6 | CD59: 16.13 | CE59: 13.03 | CF59: 13.76 | CG59: 13.03 | CH59: 12.71 | CI59: 12.09 | CJ59: 12.24 | CK59: 12.32 | CL59: 14.04 | CM59: 15.48 | CN59: 13.79 | CO59: 12.56 | CP59: 12.67 | CQ59: 12.43 | CR59: 12.53 | CS59: 12.05 | CT59: 12.28 | CU59: 12.38 | CV59: 11.3 | CW59: 11.63 | CX59: 11.24 | CY59: 12.42 | CZ59: 12.27 | DA59: 13.36 | DB59: 13.4 | DC59: 13.39 | DD59: 12.85 | DE59: 12.13 | DF59: 12.6 | DG59: 13.18 | DH59: 13.25 | DI59: 14.9 | DJ59: 13.25 | DK59: 14.23 | DL59: 12.31 | DM59: 13.49 | DN59: 12.28 | DO59: 13.17 | DP59: 12.05 | DQ59: 11.85 | DR59: 12.21 | DS59: 14.18 | DT59: 12.77 | DU59: 13.32 | DV59: 12.56 | DW59: 13.75 | DX59: 11.44 | DY59: 10.41 | DZ59: 11.26 | EA59: 11.56 | EB59: 12.28 | EC59: 13.21 | ED59: 11.95 | EE59: 12.85 | EF59: 11.77 | EG59: 13.11 | EH59: 13.46 | EI59: 13.32 | EJ59: 13.43 | EK59: 12.35 | EL59: 11.94 | EM59: 12.39 | EN59: 12.52 | EO59: 11.53 | EP59: 12.96 | EQ59: 12.49 | ER59: 13.09 | ES59: 12.2 | ET59: 12.35 | EU59: 11.84 | EV59: 12.86 | EW59: 12.88 | EX59: 11.85 | EY59: 12.06 | EZ59: 13.32 | FA59: 11.34 | FB59: 11.23 | FC59: 12.35 | FD59: 12.31 | FE59: 11.67 | FF59: 13.57 | FG59: 12.7 | FH59: 12.06 | FI59: 12.31 | FJ59: 11.77 | FK59: 12.77 | FL59: 11.95 | FM59: 12.5 | FN59: 12.11 | FO59: 11.33 | FP59: 11.41 | FQ59: 13.14 | FR59: 11.48 | FS59: 11.33 | FT59: 12.39 | FU59: 13.18 | FV59: 12.02 | FW59: 11.19 | FX59: 11.88 | FY59: 12.6 | FZ59: 12.6 | GA59: 11.8 | GB59: 10.58 | GC59: 10.3 | GD59: 12.05 | GE59: 10.88 | GF59: 11.3 | GG59: 11.77 | GH59: 12.92 | GI59: 12.13 | GJ59: 11.13 | GK59: 11.44 | GL59: 11.23 | GM59: 11.27 | GN59: 12.96 | GO59: 13.07 | GP59: 12.6 | GQ59: 11.12 | GR59: 10.8 | GS59: 11.8 | GT59: 11.05 | GU59: 12.39 | GV59: 11.33 | GW59: 10.98 | GX59: 11.2 | GY59: 11.2 | GZ59: 12.32 | HA59: 11.02 | HB59: 10.8 | HC59: 11.12 | HD59: 13.94 | HE59: 11.85 | HF59: 11.77 | HG59: 12.57 | HH59: 13.06 | HI59: 12.43 | HJ59: 11.33 | HK59: 13.18 | HL59: 10.8 | HM59: 11.41 | HN59: 12.92 | HO59: 10.72 | HP59: 11.37 | HQ59: 11.42 | HR59: 11.37 | HS59: 11.66 | HT59: 10.41 | HU59: 12.81 | HV59: 13.04 | HW59: 11.99 | HX59: 10.23 | HY59: 11.03 | HZ59: 11.34 | IA59: 10.8 | IB59: 11.6 | IC59: 10.51 | ID59: 11.59 | IE59: 11.13 | IF59: 10.48 | IG59: 10.59 | IH59: 10.8 | II59: 10.84 | IJ59: 10.45 | IK59: 12.63 | IL59: 11.6 | IM59: 11.1 | IN59: 10.72 | IO59: 12.31 | IP59: 11.16 | IQ59: 11.7 | IR59: 10.29 | IS59: 10.95 | IT59: 12.16 | IU59: 10.95 | IV59: 10.62 | IW59: 10.58 | IX59: 10.04 | IY59: 11.71 | IZ59: 11.92 | JA59: 13.57 | JB59: 11.45 | JC59: 11.95 | JD59: 10.66 | JE59: 11.6 | JF59: 11.26 | JG59: 14.62 | JH59: 10.55 | JI59: 10.8 | JJ59: 11.09 | JK59: 11.62 | JL59: 10.95 | JM59: 10.64 | JN59: 11.2 | JO59: 10.29 | JP59: 10.23 | JQ59: 10.62 | JR59: 12.2 | JS59: 10.38 | JT59: 10.19 | JU59: 12.53 | JV59: 10.3 | JW59: 10.29 | JX59: 12.21 | JY59: 11.09 | JZ59: 12.43 | KA59: 11.23 | KB59: 12.08 | KC59: 12.22 | KD59: 10.23 | KE59: 11.34 | KF59: 12.68 | KG59: 12.14 | KH59: 11.99 | KI59: 12.75 | KJ59: 11.66 | KK59: 13.79 | KL59: 11.88 | KM59: 13.42 | KN59: 14.68 | KO59: 11.91 | KP59: 12.09 | KQ59: 13.57 | KR59: 11.2 | KS59: 11.4 | KT59: 14.8 | KU59: 12.56 | KV59: 12.56 | KW59: 12.38 | KX59: 12.9 | KY59: 11.7 | KZ59: 12.03 | LA59: 11.44 | LB59: 12.71 | LC59: 15.31 | LD59: 13.07 | LE59: 13.86 | LF59: 11.85 | LG59: 11.63 | LH59: 13.25 | LI59: 12.71 | LJ59: 13.03 | LK59: 11.44 | LL59: 16.81 | LM59: 12.12 | LN59: 10.72 | LO59: 14.79 | LP59: 12.41 | LQ59: 14.22 | LR59: 13.36 | LS59: 12.75 | LT59: 13.83 | LU59: 12.1 | LV59: 12.32 | LW59: 11.56 | LX59: 14.76 | LY59: 11.88 | LZ59: 12.16 | MA59: 14.87 | MB59: 11.73 | MC59: 17.34 | MD59: 91.12 | ME59: 13.6 | MF59: 17.42 | MG59: 13.07 | MH59: 14.55 | MI59: 13.31 | MJ59: 18.23 | MK59: 12.28 | ML59: 13.71 | MM59: 14.72 | MN59: 14.26 | MO59: 14.35 | MP59: 13.87 | MQ59: 16.45 | MR59: 15.2 | MS59: 15.3 | MT59: 18.22 | MU59: 13.64 | MV59: 15.81 | MW59: 15.66 | MX59: 15.01 | MY59: 13.64 | MZ59: 14.03 | NA59: 12.92 | NB59: 15.52 | NC59: 15.61 | ND59: 13.36 | NE59: 14.26 | NF59: 14.43 | NG59: 12.27 | NH59: 13.5 | NI59: 12.09 | NJ59: 12.43 | NK59: 12.52
B60: 1 | C60: 274.86 | D60: 84.02 | E60: =E59+1 -> 59 | F60: =F59 -> 1 | G60: =G36 -> 11 | H60: =H36+1 -> 3 | I60: ; | K60: 13.79 | L60: 13.86 | M60: 18.36 | N60: 18.46 | O60: 18.47 | P60: 16.7 | Q60: 14.23 | R60: 14 | S60: 17.93 | T60: 17.75 | U60: 17.78 | V60: 18.98 | W60: 18.94 | X60: 16.96 | Y60: 21.21 | Z60: 18.5 | AA60: 18 | AB60: 150.81 | AC60: 307.8 | AD60: 331.09 | AE60: 19.48 | AF60: 16.02 | AG60: 155.09 | AH60: 158.94 | AI60: 158.22 | AJ60: 151.44 | AK60: 24.26 | AL60: 16.82 | AM60: 16.72 | AN60: 18.26 | AO60: 16.13 | AP60: 17.71 | AQ60: 17.13 | AR60: 16.34 | AS60: 22.42 | AT60: 17.86 | AU60: 19.01 | AV60: 17.14 | AW60: 18.32 | AX60: 18.86 | AY60: 25.92 | AZ60: 17.24 | BA60: 17.1 | BB60: 19.04 | BC60: 20.71 | BD60: 13.11 | BE60: 13.43 | BF60: 13.53 | BG60: 13.51 | BH60: 13.39 | BI60: 19.05 | BJ60: 18.79 | BK60: 18.24 | BL60: 16.24 | BM60: 19.19 | BN60: 17.14 | BO60: 15.37 | BP60: 15.91 | BQ60: 16.44 | BR60: 15.69 | BS60: 14.51 | BT60: 13.47 | BU60: 13.97 | BV60: 12.39 | BW60: 18.68 | BX60: 14.48 | BY60: 13.1 | BZ60: 19.91 | CA60: 13.15 | CB60: 13.25 | CC60: 13.43 | CD60: 14.84 | CE60: 13.54 | CF60: 13.6 | CG60: 12.68 | CH60: 12.89 | CI60: 11.99 | CJ60: 12.03 | CK60: 12.17 | CL60: 13.11 | CM60: 13.11 | CN60: 12.93 | CO60: 13.43 | CP60: 12.02 | CQ60: 12.71 | CR60: 14.29 | CS60: 11.88 | CT60: 12.67 | CU60: 11.71 | CV60: 11.02 | CW60: 10.79 | CX60: 11.89 | CY60: 12.82 | CZ60: 12.84 | DA60: 12.16 | DB60: 14.65 | DC60: 12.63 | DD60: 13.17 | DE60: 12.56 | DF60: 11.75 | DG60: 13.08 | DH60: 13.14 | DI60: 13.6 | DJ60: 13.28 | DK60: 12.24 | DL60: 12.95 | DM60: 12.53 | DN60: 12.82 | DO60: 12.03 | DP60: 13.93 | DQ60: 11.81 | DR60: 12.09 | DS60: 12.27 | DT60: 13.15 | DU60: 13.18 | DV60: 14.04 | DW60: 12.49 | DX60: 12.57 | DY60: 11.26 | DZ60: 11.94 | EA60: 11.71 | EB60: 12.25 | EC60: 12.56 | ED60: 13.17 | EE60: 11.78 | EF60: 12.53 | EG60: 11.56 | EH60: 11.92 | EI60: 12.75 | EJ60: 12.82 | EK60: 12.67 | EL60: 12.34 | EM60: 11.7 | EN60: 12.31 | EO60: 12.14 | EP60: 13.79 | EQ60: 13.47 | ER60: 13.43 | ES60: 12.75 | ET60: 13.14 | EU60: 12.6 | EV60: 12.13 | EW60: 12.05 | EX60: 12.52 | EY60: 11.52 | EZ60: 12.64 | FA60: 11.57 | FB60: 12.03 | FC60: 12.78 | FD60: 11.99 | FE60: 11.52 | FF60: 11.81 | FG60: 12.17 | FH60: 11.95 | FI60: 11.44 | FJ60: 12.47 | FK60: 12.03 | FL60: 13.43 | FM60: 11.91 | FN60: 11.59 | FO60: 12.09 | FP60: 11.19 | FQ60: 13.04 | FR60: 12.41 | FS60: 11.23 | FT60: 11.66 | FU60: 11.63 | FV60: 10.96 | FW60: 10.98 | FX60: 11.27 | FY60: 13.21 | FZ60: 11.78 | GA60: 11.81 | GB60: 11.45 | GC60: 10.16 | GD60: 11.73 | GE60: 10.44 | GF60: 11.96 | GG60: 11.91 | GH60: 12.63 | GI60: 11.3 | GJ60: 11.06 | GK60: 12.82 | GL60: 11.08 | GM60: 12.27 | GN60: 13 | GO60: 12.88 | GP60: 12.14 | GQ60: 11.84 | GR60: 10.68 | GS60: 11.44 | GT60: 11.92 | GU60: 11.78 | GV60: 11.09 | GW60: 10.8 | GX60: 13.1 | GY60: 11.81 | GZ60: 11.63 | HA60: 10.91 | HB60: 10.69 | HC60: 11.06 | HD60: 13.07 | HE60: 11.6 | HF60: 11.48 | HG60: 11.77 | HH60: 13.28 | HI60: 12.35 | HJ60: 11.84 | HK60: 12.88 | HL60: 11.48 | HM60: 10.8 | HN60: 12.35 | HO60: 10.72 | HP60: 10.76 | HQ60: 11.37 | HR60: 11.88 | HS60: 11.16 | HT60: 10.54 | HU60: 12.89 | HV60: 13.14 | HW60: 11.71 | HX60: 10.5 | HY60: 11.02 | HZ60: 11.52 | IA60: 10.73 | IB60: 12.03 | IC60: 11.23 | ID60: 10.88 | IE60: 11.05 | IF60: 11.27 | IG60: 10.58 | IH60: 11.31 | II60: 11.09 | IJ60: 10.29 | IK60: 12.53 | IL60: 11.48 | IM60: 11.74 | IN60: 10.88 | IO60: 11.48 | IP60: 10.23 | IQ60: 10.87 | IR60: 10.18 | IS60: 11.06 | IT60: 12.85 | IU60: 10.24 | IV60: 10.65 | IW60: 11.17 | IX60: 11.59 | IY60: 11.6 | IZ60: 12.77 | JA60: 13.24 | JB60: 11.95 | JC60: 10.95 | JD60: 10.73 | JE60: 11.56 | JF60: 11.02 | JG60: 13.46 | JH60: 10.59 | JI60: 11.62 | JJ60: 11.55 | JK60: 11.55 | JL60: 10.72 | JM60: 10.65 | JN60: 11.88 | JO60: 11.42 | JP60: 10.4 | JQ60: 11.17 | JR60: 10.2 | JS60: 10.11 | JT60: 9.86 | JU60: 12.74 | JV60: 10.41 | JW60: 10.23 | JX60: 9.93 | JY60: 11.26 | JZ60: 12.67 | KA60: 11.16 | KB60: 11.16 | KC60: 11.6 | KD60: 10.88 | KE60: 10.15 | KF60: 11.05 | KG60: 11.06 | KH60: 12.42 | KI60: 11.88 | KJ60: 11.69 | KK60: 10.99 | KL60: 10.88 | KM60: 12.24 | KN60: 12.96 | KO60: 12.64 | KP60: 12.7 | KQ60: 11.66 | KR60: 11.85 | KS60: 13.64 | KT60: 13.32 | KU60: 13.46 | KV60: 12.27 | KW60: 11.3 | KX60: 13.36 | KY60: 11.75 | KZ60: 11.66 | LA60: 11.38 | LB60: 11.98 | LC60: 12.86 | LD60: 13.07 | LE60: 12.71 | LF60: 12.82 | LG60: 12.6 | LH60: 12.92 | LI60: 11.59 | LJ60: 12.49 | LK60: 11.51 | LL60: 17.21 | LM60: 12.96 | LN60: 10.55 | LO60: 14.55 | LP60: 12.64 | LQ60: 15.55 | LR60: 12.31 | LS60: 12.63 | LT60: 13 | LU60: 11.77 | LV60: 11.84 | LW60: 11.52 | LX60: 12.57 | LY60: 11.82 | LZ60: 12.2 | MA60: 11.66 | MB60: 12.13 | MC60: 17.79 | MD60: 94.03 | ME60: 15.05 | MF60: 13.75 | MG60: 15.27 | MH60: 13.68 | MI60: 13.14 | MJ60: 14.43 | MK60: 16.38 | ML60: 13.14 | MM60: 15.16 | MN60: 15.84 | MO60: 12.67 | MP60: 14.19 | MQ60: 14.18 | MR60: 14.65 | MS60: 13.64 | MT60: 14.4 | MU60: 14.94 | MV60: 14.37 | MW60: 14.8 | MX60: 13.64 | MY60: 16.31 | MZ60: 15.05 | NA60: 15.44 | NB60: 14.08 | NC60: 13.57 | ND60: 15.01 | NE60: 12.74 | NF60: 15.95 | NG60: 16.41 | NH60: 12.32 | NI60: 14.18 | NJ60: 13.18 | NK60: 12.77
B61: 1 | C61: 279.39 | D61: 160.91 | E61: =E60+1 -> 60 | F61: =F60 -> 1 | G61: =G37 -> 12 | H61: =H37+1 -> 3 | I61: ; | K61: 13.64 | L61: 22.61 | M61: 28.08 | N61: 24.77 | O61: 23.9 | P61: 16.45 | Q61: 13.61 | R61: 22.32 | S61: 54.21 | T61: 25.63 | U61: 23.54 | V61: 23.58 | W61: 22.97 | X61: 17.23 | Y61: 23.3 | Z61: 30.27 | AA61: 24.19 | AB61: 152.24 | AC61: 254.53 | AD61: 162.72 | AE61: 19.05 | AF61: 20.12 | AG61: 164.66 | AH61: 157.83 | AI61: 159.69 | AJ61: 144.4 | AK61: 28.08 | AL61: 18.05 | AM61: 22.35 | AN61: 26.27 | AO61: 24.8 | AP61: 27.17 | AQ61: 26.11 | AR61: 16.74 | AS61: 17.1 | AT61: 23.08 | AU61: 27.33 | AV61: 26.24 | AW61: 27.47 | AX61: 25.53 | AY61: 25.82 | AZ61: 15.77 | BA61: 22.86 | BB61: 27.36 | BC61: 20.96 | BD61: 14.63 | BE61: 13.5 | BF61: 13.93 | BG61: 12.35 | BH61: 22.54 | BI61: 23.94 | BJ61: 21.28 | BK61: 23.36 | BL61: 25.92 | BM61: 18.87 | BN61: 15.55 | BO61: 22.75 | BP61: 22.22 | BQ61: 24.94 | BR61: 17.17 | BS61: 22.75 | BT61: 14.39 | BU61: 12.24 | BV61: 15.19 | BW61: 30.41 | BX61: 45.05 | BY61: 19.51 | BZ61: 27.94 | CA61: 12.76 | CB61: 12.75 | CC61: 16.53 | CD61: 19.45 | CE61: 15.58 | CF61: 17.79 | CG61: 15.81 | CH61: 12.78 | CI61: 12.61 | CJ61: 16.31 | CK61: 15.98 | CL61: 20.01 | CM61: 16.63 | CN61: 17.74 | CO61: 13.58 | CP61: 12.2 | CQ61: 16.13 | CR61: 17.24 | CS61: 17.02 | CT61: 14.62 | CU61: 14.91 | CV61: 11.56 | CW61: 10.76 | CX61: 15.76 | CY61: 15.59 | CZ61: 54.54 | DA61: 17.16 | DB61: 15.19 | DC61: 12.93 | DD61: 12.85 | DE61: 15.51 | DF61: 16.1 | DG61: 27.5 | DH61: 14.94 | DI61: 17.53 | DJ61: 12.79 | DK61: 12.36 | DL61: 26.42 | DM61: 20.35 | DN61: 15.12 | DO61: 17.57 | DP61: 14.36 | DQ61: 16.71 | DR61: 13 | DS61: 16.13 | DT61: 18.26 | DU61: 14.97 | DV61: 27.64 | DW61: 14 | DX61: 11.7 | DY61: 12.35 | DZ61: 27.94 | EA61: 12.16 | EB61: 24.66 | EC61: 17.6 | ED61: 15.23 | EE61: 11.52 | EF61: 12.39 | EG61: 12.74 | EH61: 15.52 | EI61: 27.18 | EJ61: 16.7 | EK61: 14.83 | EL61: 13.14 | EM61: 11.52 | EN61: 13.22 | EO61: 16.27 | EP61: 14.12 | EQ61: 13.39 | ER61: 15.25 | ES61: 13.39 | ET61: 13.18 | EU61: 12.56 | EV61: 12.67 | EW61: 14.29 | EX61: 15.45 | EY61: 13.9 | EZ61: 13.25 | FA61: 12.02 | FB61: 14.04 | FC61: 16.48 | FD61: 15.53 | FE61: 15.45 | FF61: 12.5 | FG61: 12.57 | FH61: 12.13 | FI61: 13.57 | FJ61: 13.5 | FK61: 16.85 | FL61: 13.24 | FM61: 13.51 | FN61: 11.6 | FO61: 11.26 | FP61: 16.5 | FQ61: 12.86 | FR61: 13.82 | FS61: 13.97 | FT61: 12.35 | FU61: 16.41 | FV61: 11.1 | FW61: 15.88 | FX61: 13.36 | FY61: 23.83 | FZ61: 12.86 | GA61: 18.97 | GB61: 12.67 | GC61: 10.45 | GD61: 13.97 | GE61: 12.52 | GF61: 12.82 | GG61: 14.9 | GH61: 13.03 | GI61: 12.39 | GJ61: 11.78 | GK61: 12.06 | GL61: 15.19 | GM61: 16.38 | GN61: 15.44 | GO61: 14.22 | GP61: 13.6 | GQ61: 27.26 | GR61: 13.87 | GS61: 15.62 | GT61: 12.06 | GU61: 14.25 | GV61: 13.06 | GW61: 13.09 | GX61: 18.01 | GY61: 14.95 | GZ61: 12.89 | HA61: 12.78 | HB61: 14.98 | HC61: 12.92 | HD61: 14.59 | HE61: 11.08 | HF61: 14.64 | HG61: 13.89 | HH61: 14.95 | HI61: 15.04 | HJ61: 15.23 | HK61: 20.84 | HL61: 11.59 | HM61: 13.03 | HN61: 38.92 | HO61: 10.76 | HP61: 10.55 | HQ61: 12.16 | HR61: 12.09 | HS61: 10.98 | HT61: 15.66 | HU61: 15.87 | HV61: 17.27 | HW61: 19.48 | HX61: 19.77 | HY61: 15.67 | HZ61: 10.77 | IA61: 14.11 | IB61: 13.75 | IC61: 15.2 | ID61: 15.4 | IE61: 12.54 | IF61: 40.28 | IG61: 10.9 | IH61: 13.14 | II61: 13.35 | IJ61: 14.04 | IK61: 14.58 | IL61: 14.44 | IM61: 12.09 | IN61: 12.89 | IO61: 14.21 | IP61: 12.45 | IQ61: 13.18 | IR61: 14.11 | IS61: 13.82 | IT61: 12.46 | IU61: 10.72 | IV61: 13.97 | IW61: 11.48 | IX61: 11.52 | IY61: 12.6 | IZ61: 12.34 | JA61: 12.78 | JB61: 11.96 | JC61: 12.13 | JD61: 11.99 | JE61: 13.96 | JF61: 13.83 | JG61: 15.3 | JH61: 16.96 | JI61: 10.65 | JJ61: 11.77 | JK61: 15.27 | JL61: 15.09 | JM61: 12.06 | JN61: 23.37 | JO61: 10.04 | JP61: 11.08 | JQ61: 10.44 | JR61: 10.41 | JS61: 10.77 | JT61: 22.35 | JU61: 12.2 | JV61: 11.87 | JW61: 11.01 | JX61: 11.53 | JY61: 11.6 | JZ61: 11.92 | KA61: 12.88 | KB61: 12.25 | KC61: 19.51 | KD61: 10.11 | KE61: 12.6 | KF61: 12.61 | KG61: 18.29 | KH61: 15.05 | KI61: 15.66 | KJ61: 12.17 | KK61: 10.87 | KL61: 18.32 | KM61: 16.56 | KN61: 16.51 | KO61: 15.91 | KP61: 16.23 | KQ61: 13.14 | KR61: 11.67 | KS61: 14.47 | KT61: 14.87 | KU61: 17 | KV61: 16.09 | KW61: 17.56 | KX61: 12.95 | KY61: 11.02 | KZ61: 13.65 | LA61: 16.96 | LB61: 14.87 | LC61: 16.13 | LD61: 16.38 | LE61: 13 | LF61: 12.17 | LG61: 18.07 | LH61: 14.79 | LI61: 16.62 | LJ61: 15.83 | LK61: 18.03 | LL61: 15.45 | LM61: 11.23 | LN61: 19.33 | LO61: 22.32 | LP61: 15.52 | LQ61: 20.2 | LR61: 16.71 | LS61: 15.98 | LT61: 15.41 | LU61: 16.67 | LV61: 17.25 | LW61: 18.42 | LX61: 17.32 | LY61: 19.26 | LZ61: 14.23 | MA61: 11.59 | MB61: 17.68 | MC61: 19.48 | MD61: 95.1 | ME61: 19.45 | MF61: 17.57 | MG61: 15.05 | MH61: 13.79 | MI61: 21.53 | MJ61: 17.86 | MK61: 15.73 | ML61: 17.39 | MM61: 17.15 | MN61: 13.86 | MO61: 11.98 | MP61: 19.36 | MQ61: 27.86 | MR61: 20.05 | MS61: 19.05 | MT61: 21.5 | MU61: 16.24 | MV61: 14.51 | MW61: 20.34 | MX61: 19.55 | MY61: 20.16 | MZ61: 18.8 | NA61: 19.05 | NB61: 14.54 | NC61: 13.67 | ND61: 20.38 | NE61: 14.9 | NF61: 16.41 | NG61: 16.63 | NH61: 21.21 | NI61: 12.99 | NJ61: 16.75 | NK61: 13.32
B62: 1 | C62: 35.32 | D62: 0.5 | E62: =E61+1 -> 61 | F62: =F61 -> 1 | G62: =G38 -> 13 | H62: =H38+1 -> 3 | I62: ; | K62: 14.44 | L62: 183.47 | M62: 326.16 | N62: 458.89 | O62: 424.94 | P62: 16.57 | Q62: 14.59 | R62: 376.78 | S62: 414.26 | T62: 428.19 | U62: 449.82 | V62: 384.81 | W62: 312.55 | X62: 56.12 | Y62: 290.95 | Z62: 285.87 | AA62: 253.58 | AB62: 272.23 | AC62: 260.89 | AD62: 159.26 | AE62: 19.34 | AF62: 278.24 | AG62: 265.32 | AH62: 289.19 | AI62: 295.02 | AJ62: 297.46 | AK62: 128.21 | AL62: 36 | AM62: 173.38 | AN62: 219.1 | AO62: 210.89 | AP62: 442.26 | AQ62: 203.33 | AR62: 145.29 | AS62: 17.21 | AT62: 235.66 | AU62: 365.75 | AV62: 253.62 | AW62: 221.43 | AX62: 388.69 | AY62: 23.98 | AZ62: 16.2 | BA62: 368.67 | BB62: 247.81 | BC62: 20.82 | BD62: 13.85 | BE62: 12.71 | BF62: 12.99 | BG62: 14.53 | BH62: 237.48 | BI62: 255.09 | BJ62: 256.24 | BK62: 368.7 | BL62: 296.24 | BM62: 223.71 | BN62: 16.96 | BO62: 206.39 | BP62: 245.05 | BQ62: 361.81 | BR62: 120.78 | BS62: 262.62 | BT62: 136.69 | BU62: 12.5 | BV62: 267.62 | BW62: 351.9 | BX62: 331.38 | BY62: 357.36 | BZ62: 298.69 | CA62: 47.31 | CB62: 100.04 | CC62: 327.27 | CD62: 262.23 | CE62: 242.89 | CF62: 401.54 | CG62: 368.61 | CH62: 297.4 | CI62: 12.21 | CJ62: 316.04 | CK62: 236.95 | CL62: 254.92 | CM62: 440.13 | CN62: 409.5 | CO62: 136.04 | CP62: 124.66 | CQ62: 198.03 | CR62: 211.64 | CS62: 180.15 | CT62: 224.21 | CU62: 247.64 | CV62: 12.02 | CW62: 11.8 | CX62: 195.41 | CY62: 364.46 | CZ62: 239.73 | DA62: 260.79 | DB62: 210.14 | DC62: 289.65 | DD62: 315.28 | DE62: 199.3 | DF62: 360.8 | DG62: 231.99 | DH62: 406.51 | DI62: 209.89 | DJ62: 118.16 | DK62: 13.57 | DL62: 263.81 | DM62: 163.98 | DN62: 397.77 | DO62: 254.82 | DP62: 192.48 | DQ62: 129.68 | DR62: 113.47 | DS62: 230.59 | DT62: 186.44 | DU62: 338.22 | DV62: 388.37 | DW62: 318.82 | DX62: 147.39 | DY62: 11.2 | DZ62: 333.18 | EA62: 11.77 | EB62: 339.08 | EC62: 404.17 | ED62: 245.66 | EE62: 11.99 | EF62: 11.88 | EG62: 307.91 | EH62: 285.42 | EI62: 213.12 | EJ62: 238.56 | EK62: 227.59 | EL62: 20.7 | EM62: 12.74 | EN62: 178.13 | EO62: 183.84 | EP62: 194.62 | EQ62: 249.27 | ER62: 384.22 | ES62: 166.07 | ET62: 93.45 | EU62: 210.31 | EV62: 93.45 | EW62: 364.25 | EX62: 379.33 | EY62: 214.67 | EZ62: 132.37 | FA62: 11.56 | FB62: 184.72 | FC62: 167.65 | FD62: 197.82 | FE62: 347.66 | FF62: 193.49 | FG62: 42.37 | FH62: 11.28 | FI62: 175.72 | FJ62: 186.31 | FK62: 377.86 | FL62: 383.9 | FM62: 206.1 | FN62: 12.31 | FO62: 11.92 | FP62: 242.75 | FQ62: 325.45 | FR62: 238.57 | FS62: 352.04 | FT62: 170.78 | FU62: 111.18 | FV62: 11.88 | FW62: 347.4 | FX62: 206.99 | FY62: 329.08 | FZ62: 210.61 | GA62: 210.52 | GB62: 154.48 | GC62: 90.86 | GD62: 207.07 | GE62: 145.62 | GF62: 213.92 | GG62: 141.04 | GH62: 193.5 | GI62: 158.9 | GJ62: 11.62 | GK62: 151.34 | GL62: 179.21 | GM62: 306.11 | GN62: 348.55 | GO62: 398.56 | GP62: 293.37 | GQ62: 359.36 | GR62: 189.65 | GS62: 212.83 | GT62: 261.39 | GU62: 228.09 | GV62: 164.34 | GW62: 134.35 | GX62: 331.23 | GY62: 335.16 | GZ62: 215.82 | HA62: 170.25 | HB62: 235.76 | HC62: 195.27 | HD62: 130.86 | HE62: 11.03 | HF62: 192.38 | HG62: 296.4 | HH62: 184.5 | HI62: 324.79 | HJ62: 191.7 | HK62: 148.1 | HL62: 122.36 | HM62: 204.84 | HN62: 293.91 | HO62: 11.27 | HP62: 10.58 | HQ62: 11.34 | HR62: 10.94 | HS62: 11.24 | HT62: 248.22 | HU62: 325.87 | HV62: 212.48 | HW62: 369.58 | HX62: 190.87 | HY62: 367.88 | HZ62: 10.87 | IA62: 320.87 | IB62: 286.85 | IC62: 199.9 | ID62: 348.91 | IE62: 189.72 | IF62: 345.96 | IG62: 11.81 | IH62: 367.28 | II62: 240.44 | IJ62: 203.37 | IK62: 223.84 | IL62: 223.81 | IM62: 19.87 | IN62: 23.82 | IO62: 182.05 | IP62: 180.04 | IQ62: 206 | IR62: 183.02 | IS62: 218.81 | IT62: 119.12 | IU62: 160.48 | IV62: 141.19 | IW62: 218.42 | IX62: 345.7 | IY62: 207.33 | IZ62: 310.42 | JA62: 123.98 | JB62: 28.58 | JC62: 204.04 | JD62: 355.28 | JE62: 326.77 | JF62: 227.27 | JG62: 197.14 | JH62: 154.54 | JI62: 11.77 | JJ62: 190.99 | JK62: 196.74 | JL62: 158.83 | JM62: 165.7 | JN62: 182.45 | JO62: 13.28 | JP62: 10.69 | JQ62: 10.73 | JR62: 10.51 | JS62: 10.83 | JT62: 174.66 | JU62: 180.61 | JV62: 156.7 | JW62: 10.45 | JX62: 152.07 | JY62: 195.87 | JZ62: 260.35 | KA62: 199.26 | KB62: 183.56 | KC62: 187.74 | KD62: 10.33 | KE62: 311.47 | KF62: 196.45 | KG62: 225.54 | KH62: 403.49 | KI62: 304.88 | KJ62: 212.04 | KK62: 11.09 | KL62: 301.86 | KM62: 343.2 | KN62: 254.16 | KO62: 148.35 | KP62: 318.89 | KQ62: 153.79 | KR62: 11.81 | KS62: 166.5 | KT62: 274.93 | KU62: 206.1 | KV62: 241.75 | KW62: 312.01 | KX62: 170.03 | KY62: 12.06 | KZ62: 217.79 | LA62: 222.52 | LB62: 341.78 | LC62: 335.56 | LD62: 174.92 | LE62: 147.6 | LF62: 125.96 | LG62: 270.64 | LH62: 226.44 | LI62: 211.36 | LJ62: 199.01 | LK62: 315.17 | LL62: 181.62 | LM62: 11.52 | LN62: 181.8 | LO62: 401.43 | LP62: 373.21 | LQ62: 373.86 | LR62: 198.47 | LS62: 336.57 | LT62: 270.19 | LU62: 191.41 | LV62: 232.56 | LW62: 217 | LX62: 388.15 | LY62: 314.78 | LZ62: 13.49 | MA62: 12.18 | MB62: 313.88 | MC62: 307.23 | MD62: 212.76 | ME62: 304.2 | MF62: 229.57 | MG62: 18.11 | MH62: 19.4 | MI62: 210.78 | MJ62: 226.9 | MK62: 204.74 | ML62: 217.98 | MM62: 221.36 | MN62: 151.99 | MO62: 14.65 | MP62: 221.52 | MQ62: 229.47 | MR62: 232.74 | MS62: 246.53 | MT62: 362.78 | MU62: 13.57 | MV62: 231.7 | MW62: 158.83 | MX62: 259.06 | MY62: 230.35 | MZ62: 249.44 | NA62: 196.17 | NB62: 13.75 | NC62: 18.14 | ND62: 213.27 | NE62: 14 | NF62: 211.89 | NG62: 221.76 | NH62: 217.73 | NI62: 13.1 | NJ62: 12.57 | NK62: 14.14
B63: 1 | C63: 217 | D63: 69.58 | E63: =E62+1 -> 62 | F63: =F62 -> 1 | G63: =G39 -> 14 | H63: =H39+1 -> 3 | I63: ; | K63: 15.19 | L63: 209.04 | M63: 364.79 | N63: 508.39 | O63: 462.39 | P63: 17.22 | Q63: 14.93 | R63: 448.42 | S63: 493.77 | T63: 455.77 | U63: 432.68 | V63: 472.82 | W63: 302.79 | X63: 40.53 | Y63: 376.01 | Z63: 348.33 | AA63: 286.31 | AB63: 334.66 | AC63: 310.32 | AD63: 184.5 | AE63: 20.59 | AF63: 375.59 | AG63: 282.46 | AH63: 316.3 | AI63: 293.3 | AJ63: 326.02 | AK63: 132.48 | AL63: 119.59 | AM63: 248.11 | AN63: 413.17 | AO63: 267.71 | AP63: 386.35 | AQ63: 243.35 | AR63: 155.4 | AS63: 20.2 | AT63: 285.55 | AU63: 451.51 | AV63: 271.48 | AW63: 243.11 | AX63: 324.65 | AY63: 19.65 | AZ63: 18.75 | BA63: 459.55 | BB63: 288.94 | BC63: 19.44 | BD63: 13.61 | BE63: 14.94 | BF63: 15.08 | BG63: 14.51 | BH63: 273.06 | BI63: 446.25 | BJ63: 293.36 | BK63: 394.88 | BL63: 373.43 | BM63: 304.49 | BN63: 17.85 | BO63: 232.77 | BP63: 289.26 | BQ63: 399.41 | BR63: 146.63 | BS63: 258.23 | BT63: 143.71 | BU63: 16.2 | BV63: 213.48 | BW63: 405.07 | BX63: 394.27 | BY63: 433.51 | BZ63: 258.01 | CA63: 114.19 | CB63: 133.31 | CC63: 244.72 | CD63: 325.91 | CE63: 255.06 | CF63: 425.59 | CG63: 405.28 | CH63: 312.24 | CI63: 13.28 | CJ63: 452.62 | CK63: 261.61 | CL63: 247.85 | CM63: 409.29 | CN63: 522.76 | CO63: 135.98 | CP63: 139.61 | CQ63: 350.71 | CR63: 229.58 | CS63: 195.98 | CT63: 242.57 | CU63: 274.25 | CV63: 11.98 | CW63: 12.92 | CX63: 226.19 | CY63: 358.31 | CZ63: 246.28 | DA63: 261.79 | DB63: 308.1 | DC63: 305.14 | DD63: 343.84 | DE63: 247.92 | DF63: 254.84 | DG63: 244.23 | DH63: 347.15 | DI63: 259.74 | DJ63: 139.83 | DK63: 13.28 | DL63: 275.91 | DM63: 241.38 | DN63: 425.42 | DO63: 256.82 | DP63: 282 | DQ63: 193.81 | DR63: 128.33 | DS63: 288.12 | DT63: 220.29 | DU63: 290.59 | DV63: 438.62 | DW63: 258.34 | DX63: 235.41 | DY63: 12.88 | DZ63: 281.66 | EA63: 13.21 | EB63: 470.84 | EC63: 445 | ED63: 264.71 | EE63: 13.25 | EF63: 12.71 | EG63: 431.75 | EH63: 458.87 | EI63: 223.49 | EJ63: 253.22 | EK63: 251.38 | EL63: 20.84 | EM63: 13.28 | EN63: 231.04 | EO63: 253.22 | EP63: 201.2 | EQ63: 279.43 | ER63: 289.08 | ES63: 227.27 | ET63: 94.89 | EU63: 248.83 | EV63: 99.76 | EW63: 397.69 | EX63: 406.7 | EY63: 233.63 | EZ63: 143.26 | FA63: 12.6 | FB63: 259.1 | FC63: 227.96 | FD63: 334.76 | FE63: 386.38 | FF63: 204.99 | FG63: 12.71 | FH63: 12.7 | FI63: 250.81 | FJ63: 209.23 | FK63: 370.43 | FL63: 276.16 | FM63: 185.97 | FN63: 12.66 | FO63: 12.68 | FP63: 272.34 | FQ63: 228.95 | FR63: 286.96 | FS63: 218.13 | FT63: 222.77 | FU63: 93.88 | FV63: 12.28 | FW63: 350.85 | FX63: 268.93 | FY63: 366.45 | FZ63: 218.2 | GA63: 213.69 | GB63: 113.32 | GC63: 93.17 | GD63: 219.02 | GE63: 200.49 | GF63: 200.81 | GG63: 189.18 | GH63: 176.15 | GI63: 157.69 | GJ63: 12.07 | GK63: 234.68 | GL63: 256.28 | GM63: 422.21 | GN63: 342.86 | GO63: 376.41 | GP63: 232.78 | GQ63: 393.95 | GR63: 214.79 | GS63: 249.05 | GT63: 233.9 | GU63: 251.5 | GV63: 232.16 | GW63: 151.7 | GX63: 347.98 | GY63: 361.9 | GZ63: 268.41 | HA63: 202.49 | HB63: 231.84 | HC63: 223.35 | HD63: 176.79 | HE63: 11.56 | HF63: 242.07 | HG63: 346.14 | HH63: 211.36 | HI63: 236.73 | HJ63: 241.6 | HK63: 169.05 | HL63: 136.15 | HM63: 238.07 | HN63: 280.73 | HO63: 10.95 | HP63: 10.98 | HQ63: 12.67 | HR63: 11.27 | HS63: 12.85 | HT63: 384.55 | HU63: 319.03 | HV63: 308.37 | HW63: 386.67 | HX63: 209.37 | HY63: 399.57 | HZ63: 12.24 | IA63: 398.66 | IB63: 353.12 | IC63: 321.89 | ID63: 375.37 | IE63: 174.13 | IF63: 306.5 | IG63: 12.41 | IH63: 383.72 | II63: 246.49 | IJ63: 238.36 | IK63: 246.79 | IL63: 236.37 | IM63: 20.59 | IN63: 22.15 | IO63: 237.1 | IP63: 242.36 | IQ63: 198.72 | IR63: 195.7 | IS63: 338.58 | IT63: 163.87 | IU63: 162.68 | IV63: 220.54 | IW63: 280.8 | IX63: 361.66 | IY63: 220.13 | IZ63: 390.64 | JA63: 146.92 | JB63: 43.23 | JC63: 211.14 | JD63: 375.91 | JE63: 208.05 | JF63: 390.39 | JG63: 194 | JH63: 144.08 | JI63: 11.45 | JJ63: 197.1 | JK63: 229.32 | JL63: 184.14 | JM63: 162.04 | JN63: 192.24 | JO63: 11.82 | JP63: 10.8 | JQ63: 12.13 | JR63: 11.15 | JS63: 10.55 | JT63: 206.57 | JU63: 221.98 | JV63: 176.97 | JW63: 12.06 | JX63: 191.05 | JY63: 212.08 | JZ63: 257.44 | KA63: 266.11 | KB63: 218.34 | KC63: 214.52 | KD63: 11.71 | KE63: 377.31 | KF63: 225.43 | KG63: 347.19 | KH63: 412.09 | KI63: 264.86 | KJ63: 173.59 | KK63: 13.42 | KL63: 440.82 | KM63: 417.99 | KN63: 413.6 | KO63: 178.84 | KP63: 384.27 | KQ63: 211.73 | KR63: 12.96 | KS63: 198.49 | KT63: 236.62 | KU63: 212.62 | KV63: 271.95 | KW63: 456.45 | KX63: 182.19 | KY63: 13.35 | KZ63: 414.61 | LA63: 257.39 | LB63: 382.58 | LC63: 236.53 | LD63: 253.26 | LE63: 209.3 | LF63: 241.27 | LG63: 304.63 | LH63: 290.17 | LI63: 198.57 | LJ63: 233.07 | LK63: 371.56 | LL63: 202.53 | LM63: 13.28 | LN63: 249.6 | LO63: 386.06 | LP63: 328.14 | LQ63: 461.3 | LR63: 271.08 | LS63: 448.12 | LT63: 142.1 | LU63: 271.26 | LV63: 276.77 | LW63: 275.65 | LX63: 554.01 | LY63: 305.78 | LZ63: 13.64 | MA63: 15.62 | MB63: 365.37 | MC63: 415.51 | MD63: 221.63 | ME63: 417.57 | MF63: 231.63 | MG63: 115.8 | MH63: 14.61 | MI63: 243.86 | MJ63: 257.97 | MK63: 259.6 | ML63: 281.7 | MM63: 219.56 | MN63: 153.65 | MO63: 14.58 | MP63: 273.75 | MQ63: 273.3 | MR63: 256.17 | MS63: 257.68 | MT63: 412.74 | MU63: 13.71 | MV63: 232.67 | MW63: 219.03 | MX63: 296.89 | MY63: 273.06 | MZ63: 282.79 | NA63: 199.09 | NB63: 17.09 | NC63: 14.91 | ND63: 258.09 | NE63: 14.73 | NF63: 245.13 | NG63: 246.13 | NH63: 247.21 | NI63: 13.71 | NJ63: 13.54 | NK63: 12.71
B64: 2 | C64: 260.24 | D64: 93.89 | E64: =E63+1 -> 63 | F64: =F63 -> 1 | G64: =G40 -> 15 | H64: =H40+1 -> 3 | I64: ; | K64: 15.59 | L64: 265.79 | M64: 274.86 | N64: 428.62 | O64: 452.42 | P64: 15.88 | Q64: 15.26 | R64: 476.65 | S64: 471.93 | T64: 458.16 | U64: 389.09 | V64: 429.08 | W64: 351.24 | X64: 60.29 | Y64: 362.73 | Z64: 333.86 | AA64: 267.09 | AB64: 530.6 | AC64: 422.28 | AD64: 217.14 | AE64: 20.6 | AF64: 351.11 | AG64: 278.41 | AH64: 273.43 | AI64: 236.66 | AJ64: 432.87 | AK64: 132.53 | AL64: 111.62 | AM64: 250.16 | AN64: 470.12 | AO64: 343.34 | AP64: 473.51 | AQ64: 274.25 | AR64: 157.5 | AS64: 18.32 | AT64: 399.39 | AU64: 434.95 | AV64: 286.25 | AW64: 250.34 | AX64: 248.26 | AY64: 19.58 | AZ64: 17.63 | BA64: 413.72 | BB64: 250.86 | BC64: 17.42 | BD64: 14.55 | BE64: 13.9 | BF64: 14.28 | BG64: 13.82 | BH64: 262.76 | BI64: 400.03 | BJ64: 293.88 | BK64: 420.98 | BL64: 329.15 | BM64: 293.94 | BN64: 17.39 | BO64: 338.25 | BP64: 270.39 | BQ64: 416.58 | BR64: 312.12 | BS64: 259.73 | BT64: 136.94 | BU64: 13.28 | BV64: 345.91 | BW64: 250.42 | BX64: 347.98 | BY64: 378.43 | BZ64: 248.11 | CA64: 52.78 | CB64: 126.65 | CC64: 201.09 | CD64: 347.69 | CE64: 372.17 | CF64: 424.87 | CG64: 312.19 | CH64: 105.35 | CI64: 12.96 | CJ64: 324.87 | CK64: 226.36 | CL64: 261.65 | CM64: 238.67 | CN64: 406.05 | CO64: 138.93 | CP64: 134.75 | CQ64: 184.43 | CR64: 209.12 | CS64: 171.35 | CT64: 231.3 | CU64: 230.51 | CV64: 13.03 | CW64: 12.27 | CX64: 212.21 | CY64: 380.74 | CZ64: 224.28 | DA64: 268.98 | DB64: 337.46 | DC64: 298.87 | DD64: 337.65 | DE64: 235.33 | DF64: 226.18 | DG64: 245.7 | DH64: 221.17 | DI64: 225.76 | DJ64: 149.47 | DK64: 13.97 | DL64: 266.11 | DM64: 249.13 | DN64: 357.7 | DO64: 256.13 | DP64: 233.9 | DQ64: 328.5 | DR64: 125.46 | DS64: 257.47 | DT64: 193.39 | DU64: 266.87 | DV64: 411.78 | DW64: 195.95 | DX64: 231.88 | DY64: 13.64 | DZ64: 209.24 | EA64: 12.49 | EB64: 294.9 | EC64: 373.79 | ED64: 260.78 | EE64: 14.04 | EF64: 13.54 | EG64: 425.74 | EH64: 406.7 | EI64: 246.17 | EJ64: 247.67 | EK64: 262.58 | EL64: 89.72 | EM64: 12.59 | EN64: 223.49 | EO64: 234.94 | EP64: 236.27 | EQ64: 386.21 | ER64: 196.53 | ES64: 218.64 | ET64: 65.52 | EU64: 218.12 | EV64: 123.19 | EW64: 464.97 | EX64: 375.86 | EY64: 238.68 | EZ64: 145.66 | FA64: 13.5 | FB64: 227.74 | FC64: 204.56 | FD64: 354.78 | FE64: 317.41 | FF64: 216.58 | FG64: 13.69 | FH64: 11.88 | FI64: 313.69 | FJ64: 204.96 | FK64: 165.63 | FL64: 201.6 | FM64: 202.72 | FN64: 12.45 | FO64: 13.43 | FP64: 401.54 | FQ64: 190.58 | FR64: 280.33 | FS64: 274.4 | FT64: 178.55 | FU64: 67.14 | FV64: 12.71 | FW64: 325.41 | FX64: 153.79 | FY64: 371.56 | FZ64: 182.77 | GA64: 245.99 | GB64: 137.59 | GC64: 89.14 | GD64: 272.48 | GE64: 186.73 | GF64: 186.55 | GG64: 263.66 | GH64: 185.87 | GI64: 153.22 | GJ64: 12.09 | GK64: 247.96 | GL64: 213.84 | GM64: 393.41 | GN64: 332.83 | GO64: 413.22 | GP64: 178.06 | GQ64: 351.04 | GR64: 227.37 | GS64: 229.25 | GT64: 246.96 | GU64: 265.42 | GV64: 220.79 | GW64: 149.66 | GX64: 395.21 | GY64: 311.62 | GZ64: 199.37 | HA64: 235.94 | HB64: 227.7 | HC64: 226.73 | HD64: 175.97 | HE64: 11.89 | HF64: 225.42 | HG64: 406.55 | HH64: 197.1 | HI64: 183.71 | HJ64: 232.77 | HK64: 182.48 | HL64: 134.54 | HM64: 201.02 | HN64: 243.43 | HO64: 11.95 | HP64: 12.93 | HQ64: 11.4 | HR64: 11.59 | HS64: 13.03 | HT64: 230.22 | HU64: 384.22 | HV64: 375.76 | HW64: 384.3 | HX64: 238.65 | HY64: 319.32 | HZ64: 12.93 | IA64: 371.53 | IB64: 361.45 | IC64: 424.51 | ID64: 318.92 | IE64: 176.11 | IF64: 379.55 | IG64: 15.05 | IH64: 395.89 | II64: 214.92 | IJ64: 209.16 | IK64: 269.97 | IL64: 221.69 | IM64: 18.4 | IN64: 22.4 | IO64: 236.7 | IP64: 220.54 | IQ64: 162.5 | IR64: 190.8 | IS64: 199.76 | IT64: 171.9 | IU64: 163.51 | IV64: 165.56 | IW64: 397.4 | IX64: 219.78 | IY64: 219.2 | IZ64: 401.32 | JA64: 178.08 | JB64: 38.31 | JC64: 214.56 | JD64: 405.44 | JE64: 198.46 | JF64: 307.39 | JG64: 198.83 | JH64: 147.96 | JI64: 11.48 | JJ64: 217.8 | JK64: 210.03 | JL64: 163.32 | JM64: 190.95 | JN64: 167 | JO64: 13.11 | JP64: 10.98 | JQ64: 12.02 | JR64: 11.82 | JS64: 10.59 | JT64: 225.75 | JU64: 214.75 | JV64: 178.68 | JW64: 10.96 | JX64: 200.57 | JY64: 208.91 | JZ64: 220.64 | KA64: 230.4 | KB64: 216.18 | KC64: 201.56 | KD64: 11.49 | KE64: 367.49 | KF64: 229.03 | KG64: 421.31 | KH64: 423.32 | KI64: 207.29 | KJ64: 170.85 | KK64: 13.03 | KL64: 415.22 | KM64: 349.77 | KN64: 372.52 | KO64: 171.05 | KP64: 207.83 | KQ64: 271.44 | KR64: 11.99 | KS64: 196.05 | KT64: 191.75 | KU64: 412.95 | KV64: 274.47 | KW64: 280.18 | KX64: 168.78 | KY64: 12.06 | KZ64: 398.08 | LA64: 260.13 | LB64: 349.63 | LC64: 297 | LD64: 232.41 | LE64: 342.5 | LF64: 313.64 | LG64: 250.82 | LH64: 254.84 | LI64: 242.42 | LJ64: 236.09 | LK64: 233.79 | LL64: 206.51 | LM64: 11.88 | LN64: 239.79 | LO64: 377.35 | LP64: 270.68 | LQ64: 409.5 | LR64: 255.89 | LS64: 438.08 | LT64: 128.41 | LU64: 258.85 | LV64: 228.3 | LW64: 277.27 | LX64: 490.07 | LY64: 321.08 | LZ64: 14.93 | MA64: 12.45 | MB64: 288.48 | MC64: 546.09 | MD64: 226.86 | ME64: 370.68 | MF64: 243.15 | MG64: 117.55 | MH64: 14.52 | MI64: 232.67 | MJ64: 229.21 | MK64: 231.69 | ML64: 265.89 | MM64: 200.48 | MN64: 159.94 | MO64: 14.11 | MP64: 244.59 | MQ64: 289.26 | MR64: 241.02 | MS64: 273.56 | MT64: 414.75 | MU64: 17.03 | MV64: 255.63 | MW64: 203.5 | MX64: 253.04 | MY64: 278.35 | MZ64: 280.48 | NA64: 251.44 | NB64: 14.4 | NC64: 14.83 | ND64: 221.61 | NE64: 13.87 | NF64: 217.49 | NG64: 214.96 | NH64: 240.76 | NI64: 18.28 | NJ64: 15.58 | NK64: 14.25
... B77: 6 | C77: 18.58 | D77: 19.87 | E77: =E76+1 -> 76 | F77: =F76 -> 1 | G77: =G53 -> 4 | H77: =H53+1 -> 4 | I77: ; | K77: 13.86 | L77: 18.29 | M77: 18.47 | N77: 18.53 | O77: 16.38 | P77: 13.83 | Q77: 13.58 | R77: 18.68 | S77: 18.39 | T77: 18.35 | U77: 18.75 | V77: 18.61 | W77: 18.36 | X77: 18.22 | Y77: 18.57 | Z77: 18.5 | AA77: 148.03 | AB77: 262.4 | AC77: 128.23 | AD77: 133.89 | AE77: 16.6 | AF77: 153.79 | AG77: 156.27 | AH77: 158.08 | AI77: 155.95 | AJ77: 293.18 | AK77: 16.31 | AL77: 17.03 | AM77: 280.87 | AN77: 360.54 | AO77: 333.42 | AP77: 342 | AQ77: 160.63 | AR77: 156.57 | AS77: 16.53 | AT77: 217.11 | AU77: 150.09 | AV77: 125.09 | AW77: 275.51 | AX77: 329.08 | AY77: 15.84 | AZ77: 16.1 | BA77: 171.03 | BB77: 142.64 | BC77: 12.63 | BD77: 13.36 | BE77: 13.5 | BF77: 13.9 | BG77: 13.18 | BH77: 351.42 | BI77: 355.11 | BJ77: 308.42 | BK77: 174.82 | BL77: 349.24 | BM77: 292.5 | BN77: 16.88 | BO77: 22.92 | BP77: 23.76 | BQ77: 21.2 | BR77: 13.43 | BS77: 19.65 | BT77: 12.59 | BU77: 12.12 | BV77: 27 | BW77: 19.22 | BX77: 12.24 | BY77: 19.58 | BZ77: 14.96 | CA77: 12.24 | CB77: 15.23 | CC77: 17.92 | CD77: 15.31 | CE77: 15.91 | CF77: 14.9 | CG77: 14.66 | CH77: 11.99 | CI77: 12.42 | CJ77: 14.58 | CK77: 15.51 | CL77: 17.71 | CM77: 25.13 | CN77: 14.94 | CO77: 13.29 | CP77: 14.32 | CQ77: 14.76 | CR77: 16.06 | CS77: 14.51 | CT77: 13.94 | CU77: 15.16 | CV77: 11.88 | CW77: 11.08 | CX77: 16.2 | CY77: 14.51 | CZ77: 14.51 | DA77: 15.23 | DB77: 19.01 | DC77: 13.18 | DD77: 12.75 | DE77: 14.29 | DF77: 15.08 | DG77: 14.25 | DH77: 16.23 | DI77: 14.98 | DJ77: 12.05 | DK77: 12.39 | DL77: 14.91 | DM77: 14.36 | DN77: 14.15 | DO77: 14.22 | DP77: 13.94 | DQ77: 12.88 | DR77: 12.67 | DS77: 15.05 | DT77: 14.4 | DU77: 14.51 | DV77: 14.18 | DW77: 12.96 | DX77: 10.81 | DY77: 11.41 | DZ77: 13.46 | EA77: 11.48 | EB77: 14.61 | EC77: 14.15 | ED77: 14.11 | EE77: 12.06 | EF77: 11.84 | EG77: 16.2 | EH77: 14.98 | EI77: 14.22 | EJ77: 14.41 | EK77: 14.11 | EL77: 11.52 | EM77: 11.71 | EN77: 15.52 | EO77: 16.96 | EP77: 14.58 | EQ77: 14.73 | ER77: 14.32 | ES77: 12.1 | ET77: 13.94 | EU77: 14 | EV77: 12.16 | EW77: 13.71 | EX77: 15.62 | EY77: 14.69 | EZ77: 10.95 | FA77: 11.91 | FB77: 14.28 | FC77: 13.9 | FD77: 13.94 | FE77: 11.48 | FF77: 14.4 | FG77: 11.63 | FH77: 12.16 | FI77: 16.7 | FJ77: 15.69 | FK77: 11.95 | FL77: 13.47 | FM77: 14.39 | FN77: 11.24 | FO77: 11.4 | FP77: 14.69 | FQ77: 13.72 | FR77: 11.37 | FS77: 15.3 | FT77: 13.65 | FU77: 11.63 | FV77: 10.91 | FW77: 12.64 | FX77: 13.82 | FY77: 13.74 | FZ77: 15.34 | GA77: 13.57 | GB77: 10.87 | GC77: 11.19 | GD77: 11.84 | GE77: 15.55 | GF77: 11.59 | GG77: 13.46 | GH77: 12.89 | GI77: 11.88 | GJ77: 11.96 | GK77: 13.54 | GL77: 13.83 | GM77: 14.22 | GN77: 14.55 | GO77: 14.51 | GP77: 11.89 | GQ77: 11.64 | GR77: 13.32 | GS77: 13.11 | GT77: 11.74 | GU77: 11.05 | GV77: 10.69 | GW77: 11.12 | GX77: 11.34 | GY77: 13.8 | GZ77: 10.76 | HA77: 11.66 | HB77: 15.12 | HC77: 12.9 | HD77: 11.92 | HE77: 11.56 | HF77: 11.26 | HG77: 11.59 | HH77: 10.58 | HI77: 11.16 | HJ77: 11.41 | HK77: 10.72 | HL77: 11.81 | HM77: 10.88 | HN77: 11.69 | HO77: 10.62 | HP77: 11.3 | HQ77: 11.06 | HR77: 10.88 | HS77: 10.88 | HT77: 11.59 | HU77: 11.41 | HV77: 10.37 | HW77: 10.58 | HX77: 10.76 | HY77: 11.19 | HZ77: 11.02 | IA77: 12.31 | IB77: 10.96 | IC77: 12.1 | ID77: 11.38 | IE77: 10.95 | IF77: 11.28 | IG77: 10.58 | IH77: 10.23 | II77: 10.27 | IJ77: 11.92 | IK77: 11.64 | IL77: 10.99 | IM77: 11.06 | IN77: 12.63 | IO77: 11.04 | IP77: 11.85 | IQ77: 11.52 | IR77: 10.84 | IS77: 11.88 | IT77: 12.96 | IU77: 10.84 | IV77: 10.72 | IW77: 10.08 | IX77: 14.18 | IY77: 14.72 | IZ77: 15.99 | JA77: 12.05 | JB77: 11.05 | JC77: 10.3 | JD77: 13.03 | JE77: 13.36 | JF77: 17.16 | JG77: 10.64 | JH77: 11.18 | JI77: 10.84 | JJ77: 15.84 | JK77: 13.56 | JL77: 10.76 | JM77: 13.64 | JN77: 11.08 | JO77: 11.66 | JP77: 12.89 | JQ77: 10.37 | JR77: 10.98 | JS77: 9.83 | JT77: 11.69 | JU77: 12.46 | JV77: 10.23 | JW77: 10.41 | JX77: 11.53 | JY77: 15.44 | JZ77: 11.98 | KA77: 14.86 | KB77: 13.72 | KC77: 14.29 | KD77: 10.19 | KE77: 13.04 | KF77: 11.93 | KG77: 15 | KH77: 15.62 | KI77: 15.3 | KJ77: 10.76 | KK77: 11.06 | KL77: 14.62 | KM77: 14.91 | KN77: 14.69 | KO77: 14.63 | KP77: 263.48 | KQ77: 13.61 | KR77: 12.13 | KS77: 16.2 | KT77: 61.45 | KU77: 11.71 | KV77: 14.51 | KW77: 14.47 | KX77: 11.66 | KY77: 11.38 | KZ77: 15.41 | LA77: 14.5 | LB77: 15.55 | LC77: 14.01 | LD77: 15.34 | LE77: 14.55 | LF77: 11.6 | LG77: 15.12 | LH77: 14.15 | LI77: 10.72 | LJ77: 14.87 | LK77: 19.36 | LL77: 12.28 | LM77: 10.65 | LN77: 21.17 | LO77: 127.01 | LP77: 18.86 | LQ77: 15.04 | LR77: 15.98 | LS77: 13.54 | LT77: 11.81 | LU77: 15.91 | LV77: 15.26 | LW77: 14.87 | LX77: 14.9 | LY77: 16.74 | LZ77: 11.47 | MA77: 11.48 | MB77: 18.78 | MC77: 94.39 | MD77: 17.56 | ME77: 16.06 | MF77: 15.59 | MG77: 13.32 | MH77: 14.3 | MI77: 18.36 | MJ77: 15.55 | MK77: 15.88 | ML77: 15.96 | MM77: 16.02 | MN77: 15.13 | MO77: 14.11 | MP77: 18.03 | MQ77: 16.78 | MR77: 16.55 | MS77: 20.92 | MT77: 17.02 | MU77: 12.89 | MV77: 17.35 | MW77: 16.85 | MX77: 16.52 | MY77: 15.83 | MZ77: 15.63 | NA77: 17.6 | NB77: 13.28 | NC77: 15.78 | ND77: 15.3 | NE77: 13.93 | NF77: 14.72 | NG77: 15.08 | NH77: 19.4 | NI77: 13.75 | NJ77: 11.96 | NK77: 14.97
B78: 6 | C78: 18.5 | D78: 18.62 | E78: =E77+1 -> 77 | F78: =F77 -> 1 | G78: =G54 -> 5 | H78: =H54+1 -> 4 | I78: ;
B79: 6 | C79: 18.47 | D79: 17.93 | E79: =E78+1 -> 78 | F79: =F78 -> 1 | G79: =G55 -> 6 | H79: =H55+1 -> 4 | I79: ;
B80: 6 | C80: 18.46 | D80: 18.71 | E80: =E79+1 -> 79 | F80: =F79 -> 1 | G80: =G56 -> 7 | H80: =H56+1 -> 4 | I80: ;
B81: 6 | C81: 24.77 | D81: 18.98 | E81: =E80+1 -> 80 | F81: =F80 -> 1 | G81: =G57 -> 8 | H81: =H57+1 -> 4 | I81: ;
B82: 6 | C82: 458.89 | D82: 256.03 | E82: =E81+1 -> 81 | F82: =F81 -> 1 | G82: =G58 -> 9 | H82: =H58+1 -> 4 | I82: ;
B83: 6 | C83: 508.39 | D83: 195.62 | E83: =E82+1 -> 82 | F83: =F82 -> 1 | G83: =G59 -> 10 | H83: =H59+1 -> 4 | I83: ;
B84: 6 | C84: 428.62 | D84: 139.82 | E84: =E83+1 -> 83 | F84: =F83 -> 1 | G84: =G60 -> 11 | H84: =H60+1 -> 4 | I84: ;
B85: 6 | C85: 477.79 | D85: 240.98 | E85: =E84+1 -> 84 | F85: =F84 -> 1 | G85: =G61 -> 12 | H85: =H61+1 -> 4 | I85: ;
B86: 6 | C86: 36.65 | D86: 3.85 | E86: =E85+1 -> 85 | F86: =F85 -> 1 | G86: =G62 -> 13 | H86: =H62+1 -> 4 | I86: ;
B87: 6 | C87: 439.52 | D87: 148.25 | E87: =E86+1 -> 86 | F87: =F86 -> 1 | G87: =G63 -> 14 | H87: =H63+1 -> 4 | I87: ;
B88: 6 | C88: 476.39 | D88: 168.08 | E88: =E87+1 -> 87 | F88: =F87 -> 1 | G88: =G64 -> 15 | H88: =H64+1 -> 4 | I88: ;
B89: 6 | C89: 474.41 | D89: 181.98 | E89: =E88+1 -> 88 | F89: =F88 -> 1 | G89: =G65 -> 16 | H89: =H65+1 -> 4 | I89: ;
... B745: 2 | C745: 333.42 | D745: 170.35 | E745: =E744+1 -> 744 | F745: =F744 -> 1 | G745: =G721 -> 24 | H745: =H721+1 -> 31 | I745: ;
B746: 6 | C746: 324.72 | D746: 169.74 | E746: 1 | F746: =F745+1 -> 2 | G746: =G722 -> 1 | H746: 1 | I746: ;
B747: 6 | C747: 109.86 | D747: 70.27 | E747: =E746+1 -> 2 | F747: =F746 -> 2 | G747: =G723 -> 2 | H747: 1 | I747: ;
B748: 6 | C748: 24.98 | D748: 22.54 | E748: =E747+1 -> 3 | F748: =F747 -> 2 | G748: =G724 -> 3 | H748: 1 | I748: ;
B749: 6 | C749: 24.91 | D749: 21.78 | E749: =E748+1 -> 4 | F749: =F748 -> 2 | G749: =G725 -> 4 | H749: 1 | I749: ;
B750: 6 | C750: 22.11 | D750: 21.86 | E750: =E749+1 -> 5 | F750: =F749 -> 2 | G750: =G726 -> 5 | H750: 1 | I750: ;
B751: 6 | C751: 17.78 | D751: 17.14 | E751: =E750+1 -> 6 | F751: =F750 -> 2 | G751: =G727 -> 6 | H751: 1 | I751: ;
B752: 6 | C752: 17.71 | D752: 17.43 | E752: =E751+1 -> 7 | F752: =F751 -> 2 | G752: =G728 -> 7 | H752: 1 | I752: ;
B753: 6 | C753: 27.17 | D753: 20.46 | E753: =E752+1 -> 8 | F753: =F752 -> 2 | G753: =G729 -> 8 | H753: 1 | I753: ;
B754: 6 | C754: 442.26 | D754: 243.66 | E754: =E753+1 -> 9 | F754: =F753 -> 2 | G754: =G730 -> 9 | H754: 1 | I754: ;
B755: 6 | C755: 386.35 | D755: 145.44 | E755: =E754+1 -> 10 | F755: =F754 -> 2 | G755: =G731 -> 10 | H755: 1 | I755: ;
B756: 6 | C756: 473.51 | D756: 203.94 | E756: =E755+1 -> 11 | F756: =F755 -> 2 | G756: =G732 -> 11 | H756: 1 | I756: ;
B757: 6 | C757: 435.56 | D757: 242.24 | E757: =E756+1 -> 12 | F757: =F756 -> 2 | G757: =G733 -> 12 | H757: 1 | I757: ;
B758: 6 | C758: 62.65 | D758: 11.23 | E758: =E757+1 -> 13 | F758: =F757 -> 2 | G758: =G734 -> 13 | H758: 1 | I758: ;
... B769: 6 | C769: 342 | D769: 185.39 | E769: =E768+1 -> 24 | F769: =F768 -> 2 | G769: =G745 -> 24 | H769: 1 | I769: ;
B770: 6 | C770: 341.28 | D770: 186.98 | E770: =E769+1 -> 25 | F770: =F769 -> 2 | G770: =G746 -> 1 | H770: =H746+1 -> 2 | I770: ;
B771: 6 | C771: 39.42 | D771: 27.03 | E771: =E770+1 -> 26 | F771: =F770 -> 2 | G771: =G747 -> 2 | H771: =H747+1 -> 2 | I771: ;
B772: 6 | C772: 25.45 | D772: 20.34 | E772: =E771+1 -> 27 | F772: =F771 -> 2 | G772: =G748 -> 3 | H772: =H748+1 -> 2 | I772: ;
B773: 6 | C773: 25.45 | D773: 21.6 | E773: =E772+1 -> 28 | F773: =F772 -> 2 | G773: =G749 -> 4 | H773: =H749+1 -> 2 | I773: ;
B774: 6 | C774: 25.53 | D774: 21.99 | E774: =E773+1 -> 29 | F774: =F773 -> 2 | G774: =G750 -> 5 | H774: =H750+1 -> 2 | I774: ;
B775: 6 | C775: 23.11 | D775: 20.23 | E775: =E774+1 -> 30 | F775: =F774 -> 2 | G775: =G751 -> 6 | H775: =H751+1 -> 2 | I775: ;
B776: 6 | C776: 17.13 | D776: 17.99 | E776: =E775+1 -> 31 | F776: =F775 -> 2 | G776: =G752 -> 7 | H776: =H752+1 -> 2 | I776: ;
B777: 6 | C777: 26.11 | D777: 18.4 | E777: =E776+1 -> 32 | F777: =F776 -> 2 | G777: =G753 -> 8 | H777: =H753+1 -> 2 | I777: ;
B778: 6 | C778: 203.33 | D778: 108.07 | E778: =E777+1 -> 33 | F778: =F777 -> 2 | G778: =G754 -> 9 | H778: =H754+1 -> 2 | I778: ;
B779: 6 | C779: 243.35 | D779: 65.1 | E779: =E778+1 -> 34 | F779: =F778 -> 2 | G779: =G755 -> 10 | H779: =H755+1 -> 2 | I779: ;
B780: 6 | C780: 274.25 | D780: 90.48 | E780: =E779+1 -> 35 | F780: =F779 -> 2 | G780: =G756 -> 11 | H780: =H756+1 -> 2 | I780: ;
B781: 6 | C781: 272.33 | D781: 137.55 | E781: =E780+1 -> 36 | F781: =F780 -> 2 | G781: =G757 -> 12 | H781: =H757+1 -> 2 | I781: ;
... B1417: 2 | C1417: 21.2 | D1417: 22.75 | E1417: =E1416+1 -> 672 | F1417: =F1416 -> 2 | G1417: =G1393 -> 24 | H1417: =H1393+1 -> 28 | I1417: ;
B1418: 6 | C1418: 18.9 | D1418: 22.21 | E1418: 1 | F1418: 3 | G1418: =G1394 -> 1 | H1418: 1 | I1418: ;
B1419: 6 | C1419: 14.65 | D1419: 18.18 | E1419: =E1418+1 -> 2 | F1419: =F1418 -> 3 | G1419: =G1395 -> 2 | H1419: 1 | I1419: ;
B1420: 6 | C1420: 14.8 | D1420: 18.8 | E1420: =E1419+1 -> 3 | F1420: =F1419 -> 3 | G1420: =G1396 -> 3 | H1420: 1 | I1420: ;
B1421: 6 | C1421: 16.56 | D1421: 23.04 | E1421: =E1420+1 -> 4 | F1421: =F1420 -> 3 | G1421: =G1397 -> 4 | H1421: 1 | I1421: ;
B1422: 6 | C1422: 14.9 | D1422: 19.11 | E1422: =E1421+1 -> 5 | F1422: =F1421 -> 3 | G1422: =G1398 -> 5 | H1422: 1 | I1422: ;
...
